model,scenario,method,period,start_year,end_year,definition,expected_samples,minimum_valid_samples,qc_region,valid_grid_cells,missing_grid_cells,spatial_median_rho,spatial_mean_rho,very_strong_complementarity_percent,strong_complementarity_percent,moderate_complementarity_percent,weak_complementarity_percent,weak_similarity_percent,moderate_similarity_percent,strong_similarity_percent,very_strong_similarity_percent
ACCESS-CM2,historical,qm_historical,historical,1994,2014,monthly_full,252,202,china_intersection,506,0,-0.18970385193824768,-0.12171193091222207,0.0,9.110759898311503,32.488029116794976,25.619456578469485,15.497798690524904,8.986826621249941,8.29712909464918,0.0
ACCESS-CM2,historical,qm_historical,historical,1994,2014,monthly_climatology,12,12,china_intersection,506,0,-0.3356643319129944,-0.16642952043303025,0.5643411013201637,24.936088522800887,27.18621738328638,13.506945475775693,9.818021479649785,11.396336972102503,10.607938430170663,1.9841106348939224
ACCESS-CM2,historical,qm_historical,historical,1994,2014,seasonal_full,84,68,china_intersection,506,0,-0.2196010947227478,-0.11104820378448269,0.0010904323896507384,14.55450600171787,28.499340986016243,23.54151175444047,10.817769194144072,10.576055765588126,10.694142863937333,1.3155830017662244
ACCESS-CM2,historical,qm_historical,historical,1994,2014,seasonal_climatology,4,4,china_intersection,506,0,-0.4000000059604645,-0.16186328593646676,8.066962341325334,24.164156103213205,25.98082383287574,4.068190438093647,8.223094207784017,8.57716359232701,12.562099388197714,8.357510096183326
ACCESS-CM2,historical,era5_reference,historical,1994,2014,monthly_full,252,202,china_intersection,506,0,-0.21497146785259247,-0.1263405171601351,0.0,5.654319734288478,34.70874586522871,27.579607825518696,14.957826449390765,10.012570047907392,7.086930077665954,0.0
ACCESS-CM2,historical,era5_reference,historical,1994,2014,monthly_climatology,12,12,china_intersection,506,0,-0.3216783106327057,-0.1626003190239805,0.6188689657844567,22.71709864691683,28.468598622900004,15.46811423880271,8.785248990991722,10.141632142654867,11.547805908988812,2.252632482960583
ACCESS-CM2,historical,era5_reference,historical,1994,2014,seasonal_full,84,68,china_intersection,506,0,-0.22853092849254608,-0.12126589449789467,0.0,10.927956228999177,32.27110589073475,24.446526756185396,12.70424426708476,8.539350357093566,10.445133237828323,0.665683262074015
ACCESS-CM2,historical,era5_reference,historical,1994,2014,seasonal_climatology,4,4,china_intersection,506,0,-0.4000000059604645,-0.170461220153264,5.505693933065955,22.501344455867685,29.55176893569124,7.3409964003179615,9.545431998896785,8.240401061152676,9.89163764090323,7.422725574104448
ACCESS-ESM1-5,historical,qm_historical,historical,1994,2014,monthly_full,252,202,china_intersection,499,0,-0.18835705518722534,-0.11852533533112114,0.0,9.114263335861299,29.480382941551085,26.183894832738687,17.669120770615365,10.695502474762073,6.856835644471479,0.0
ACCESS-ESM1-5,historical,qm_historical,historical,1994,2014,monthly_climatology,12,12,china_intersection,499,0,-0.27272728085517883,-0.13382426153953916,0.7477398677392733,22.500130264304705,25.710355254530818,13.730358033012987,10.152711450782492,13.701037668482929,11.435936582097971,2.02173087904882
ACCESS-ESM1-5,historical,qm_historical,historical,1994,2014,seasonal_full,84,68,china_intersection,499,0,-0.20969930291175842,-0.10997852616622218,0.014209058476590859,14.011467171339964,30.167569759525918,19.452872038471657,14.107160298920597,10.872172539349355,10.965576557354794,0.4089725765611177
ACCESS-ESM1-5,historical,qm_historical,historical,1994,2014,seasonal_climatology,4,4,china_intersection,499,0,-0.4000000059604645,-0.10712043225997263,7.880187110448042,19.50928554409399,26.572421720229453,3.393411875852577,11.838720283869435,7.842224332887193,13.85457783511851,9.109171297500794
ACCESS-ESM1-5,historical,era5_reference,historical,1994,2014,monthly_full,252,202,china_intersection,499,0,-0.20092788338661194,-0.11792760999475112,0.0,6.170202433160043,32.990792146763155,27.205754513747827,15.364464855294658,11.497685200104648,6.771100850929652,0.0
ACCESS-ESM1-5,historical,era5_reference,historical,1994,2014,monthly_climatology,12,12,china_intersection,499,0,-0.31468531489372253,-0.14678283916393883,1.0082572703431938,21.37516919381115,28.283677848122636,15.226316485138154,8.339511969671822,12.20984577466871,11.615033564339406,1.9421878939049129
ACCESS-ESM1-5,historical,era5_reference,historical,1994,2014,seasonal_full,84,68,china_intersection,499,0,-0.2415713220834732,-0.11478875167651201,0.0,12.46917866328928,32.58920155294963,19.935333735256886,14.86513601119852,8.902795220166945,10.606565873176253,0.631788943962474
ACCESS-ESM1-5,historical,era5_reference,historical,1994,2014,seasonal_climatology,4,4,china_intersection,499,0,-0.4000000059604645,-0.16065371953931643,5.7166284780421295,23.55171778998782,29.65488813747597,4.648842548097333,8.596812683330858,10.332307140967846,7.88106369813475,9.61773952396328
AWI-CM-1-1-MR,historical,qm_historical,historical,1994,2014,monthly_full,252,202,china_intersection,1261,0,-0.16783533990383148,-0.08833451282507784,0.0,6.6007604270935785,30.320633242382506,25.131363632342673,17.795986903444142,11.965854724187253,8.185401070549846,0.0
AWI-CM-1-1-MR,historical,qm_historical,historical,1994,2014,monthly_climatology,12,12,china_intersection,1261,0,-0.31468531489372253,-0.14713847005881917,0.3843122805609671,25.913950268968847,24.692767339607315,13.797938315313349,9.826181209991267,10.109982379993852,12.896423990091256,2.3784442154731447
AWI-CM-1-1-MR,historical,qm_historical,historical,1994,2014,seasonal_full,84,68,china_intersection,1261,0,-0.18390199542045593,-0.06767652510658465,6.79377424802581e-06,11.357355792738622,30.653301741889038,18.712701098326065,14.8179011942584,11.26761731587389,12.185487933362806,1.0056281297769234
AWI-CM-1-1-MR,historical,qm_historical,historical,1994,2014,seasonal_climatology,4,4,china_intersection,1261,0,-0.4000000059604645,-0.12691021096517188,5.967455822412003,25.087629502559007,24.89054617107348,3.268686412102688,10.080118538113569,10.122789836553878,10.679987185641778,9.902786531543592
AWI-CM-1-1-MR,historical,era5_reference,historical,1994,2014,monthly_full,252,202,china_intersection,1261,0,-0.20442529022693634,-0.1169626976034002,0.0,6.09413803955923,34.00834813844529,26.866850465315828,15.634838705538261,9.4319847154579,7.963839935683483,0.0
AWI-CM-1-1-MR,historical,era5_reference,historical,1994,2014,monthly_climatology,12,12,china_intersection,1261,0,-0.31468531489372253,-0.14797954109991504,0.2994771382675589,22.06841181007426,28.362478568697693,15.364279026020473,9.809137627901992,9.53359991422576,12.483475820265017,2.079140094547251
AWI-CM-1-1-MR,historical,era5_reference,historical,1994,2014,seasonal_full,84,68,china_intersection,1261,0,-0.22952313721179962,-0.11078816200979946,0.0,11.05572525278896,33.12811486165039,20.472846457716432,15.066678201060183,8.151719860349482,11.227575718765447,0.8973396476691061
AWI-CM-1-1-MR,historical,era5_reference,historical,1994,2014,seasonal_climatology,4,4,china_intersection,1261,0,-0.4000000059604645,-0.1552091794389109,5.072191526091168,22.601108170325894,30.69847743714218,5.648079413165522,9.432437272638126,8.282395765237968,9.315326946582742,8.9499834688164
BCC-CSM2-MR,historical,qm_historical,historical,1994,2014,monthly_full,252,202,china_intersection,897,0,-0.13444733619689941,-0.06333482698490786,0.0,5.839452305524872,27.755033965069618,27.69688265462249,16.089883020223144,14.21426340357617,8.404484650983713,0.0
BCC-CSM2-MR,historical,qm_historical,historical,1994,2014,monthly_climatology,12,12,china_intersection,897,0,-0.3076923191547394,-0.14018619467498322,0.6574570018670813,24.510016285483015,25.229655863342394,14.122658644844318,8.984960079784923,12.398472776417577,12.188131424707159,1.9086479235535323
BCC-CSM2-MR,historical,qm_historical,historical,1994,2014,seasonal_full,84,68,china_intersection,897,0,-0.16047382354736328,-0.06481864569293515,0.00017813274594079677,10.700359547489557,30.271083133599454,20.93024245019058,12.015595401661999,12.174127817590703,13.391115565169018,0.5172979515527555
BCC-CSM2-MR,historical,qm_historical,historical,1994,2014,seasonal_climatology,4,4,china_intersection,897,0,-0.4000000059604645,-0.13876406942368658,8.133045946049084,24.362823120670043,23.394122940818935,3.0593754267937245,10.757620434369056,9.5295590489174,12.033869470876963,8.72958361150479
BCC-CSM2-MR,historical,era5_reference,historical,1994,2014,monthly_full,252,202,china_intersection,897,0,-0.1928810328245163,-0.11873307710575884,0.0,7.261337423285875,32.53745940327025,27.054145191957378,15.276993080817187,10.594345846398797,7.275719054270526,0.0
BCC-CSM2-MR,historical,era5_reference,historical,1994,2014,monthly_climatology,12,12,china_intersection,897,0,-0.3216783106327057,-0.1577576982505144,0.5192384707766009,22.012817102395882,29.433118900732207,14.03567574501906,10.572272273490274,9.374715621455781,11.623746279455558,2.42841560667464
BCC-CSM2-MR,historical,era5_reference,historical,1994,2014,seasonal_full,84,68,china_intersection,897,0,-0.22942188382148743,-0.11787036435271185,0.0,11.272414231801445,32.245950662773666,23.028882336203644,13.524559612719607,8.374915526920525,11.06700323808702,0.486274391494104
BCC-CSM2-MR,historical,era5_reference,historical,1994,2014,seasonal_climatology,4,4,china_intersection,897,0,-0.4000000059604645,-0.17114258525164414,6.596819248857944,22.98435362715134,29.562063495393705,5.395485546502071,9.653007131984472,7.62017345624597,10.246135785910782,7.941961707953714
CAS-ESM2-0,historical,qm_historical,historical,1994,2014,monthly_full,252,202,china_intersection,583,0,-0.19446700811386108,-0.10140111985325098,0.0,6.108442710100002,33.48439787551359,25.24454195479632,15.89988349402229,10.487124278561177,8.77560968700663,0.0
CAS-ESM2-0,historical,qm_historical,historical,1994,2014,monthly_climatology,12,12,china_intersection,583,0,-0.2937062978744507,-0.14672611377010933,0.10840706217272032,24.3495983988081,24.911569005040896,16.242015531957367,9.743329573604337,10.938824711430229,11.603636497133866,2.1026192198524893
CAS-ESM2-0,historical,qm_historical,historical,1994,2014,seasonal_full,84,68,china_intersection,583,0,-0.22071479260921478,-0.08603386161221586,0.0,10.93866509689192,32.508511483426624,19.950283547786498,13.23989960054207,10.655109314374513,11.731498677764117,0.9760322792142683
CAS-ESM2-0,historical,qm_historical,historical,1994,2014,seasonal_climatology,4,4,china_intersection,583,0,-0.4000000059604645,-0.14530163849345942,7.470633793150071,22.20249591809019,27.34822672073654,3.795205871863103,11.776168709392481,7.6225660400123365,9.96422446100122,9.820478485754071
CAS-ESM2-0,historical,era5_reference,historical,1994,2014,monthly_full,252,202,china_intersection,583,0,-0.1932784616947174,-0.1221913918250845,0.0,7.633514874348212,32.70949844517143,25.814018963143667,15.839046042770297,10.694005729288042,7.309915945278352,0.0
CAS-ESM2-0,historical,era5_reference,historical,1994,2014,monthly_climatology,12,12,china_intersection,583,0,-0.32867133617401123,-0.16059359773986823,0.423288061558119,25.30866393553353,25.88522332009866,14.43932144702257,9.884970411680856,11.37222175474673,10.38530931559098,2.3010017537685554
CAS-ESM2-0,historical,era5_reference,historical,1994,2014,seasonal_full,84,68,china_intersection,583,0,-0.2274172306060791,-0.11822837308816396,0.0,10.849647024276155,32.040240151254146,23.88976585331497,13.153222195356932,8.990864505266952,10.512296837368838,0.563963433162007
CAS-ESM2-0,historical,era5_reference,historical,1994,2014,seasonal_climatology,4,4,china_intersection,583,0,-0.4000000059604645,-0.1701358499147235,6.107126182842017,23.09189511469924,28.46629485344377,6.777366654970178,11.19889833725218,6.654844427895632,9.262094974095492,8.441479454801499
CESM2-WACCM,historical,qm_historical,historical,1994,2014,monthly_full,252,202,china_intersection,955,0,-0.2388841062784195,-0.14906470614804523,0.0,7.6345031131065975,36.8242956905587,24.227807046727683,15.305975524562859,9.891757399632413,6.1156612254117295,0.0
CESM2-WACCM,historical,qm_historical,historical,1994,2014,monthly_climatology,12,12,china_intersection,955,0,-0.35664334893226624,-0.17348946581722496,0.1804193250093815,26.036633893651047,27.161558986097464,14.596297685014752,9.202649253451517,8.841825770519991,11.634185218234133,2.3464298680217
CESM2-WACCM,historical,qm_historical,historical,1994,2014,seasonal_full,84,68,china_intersection,955,0,-0.2659309506416321,-0.12761766773534586,0.0,11.15240846915411,36.18790527468575,18.26043362352159,12.721792339800638,10.698517116696014,10.978943176141895,0.0
CESM2-WACCM,historical,qm_historical,historical,1994,2014,seasonal_climatology,4,4,china_intersection,955,0,-0.4000000059604645,-0.16184497216629595,7.866098424589402,26.158325139611527,23.40658318361139,3.8139636494212703,10.15935252054113,7.864973181887116,12.697031839506424,8.033672060831732
CESM2-WACCM,historical,era5_reference,historical,1994,2014,monthly_full,252,202,china_intersection,955,0,-0.21651846170425415,-0.12908689143071722,0.0,6.418293018833318,36.07928604620809,25.346049326586858,14.98583300404469,9.639552928438212,7.5309856758888225,0.0
CESM2-WACCM,historical,era5_reference,historical,1994,2014,monthly_climatology,12,12,china_intersection,955,0,-0.3496503531932831,-0.16853381744667695,0.707320651768052,22.938053856473736,30.030049043801995,13.192074455816785,10.289460013811466,9.053489580907334,11.349436277269723,2.440116120150898
CESM2-WACCM,historical,era5_reference,historical,1994,2014,seasonal_full,84,68,china_intersection,955,0,-0.2618001401424408,-0.1286931308274251,0.0,10.941367314152453,35.098536950515715,21.217472648425712,13.064351383872127,7.763291772719076,11.25639557278935,0.6585843575255522
CESM2-WACCM,historical,era5_reference,historical,1994,2014,seasonal_climatology,4,4,china_intersection,955,0,-0.4000000059604645,-0.1742537146299737,6.3360640525138585,21.857604601057332,32.95837982405499,4.888412356245683,8.158128134507589,7.668357380367821,9.539998263164414,8.593055388088304
CMCC-CM2-SR5,historical,qm_historical,historical,1994,2014,monthly_full,252,202,china_intersection,955,0,-0.23824220895767212,-0.14707450668634509,0.0,7.497478565798018,36.260501894791226,26.314601217053315,13.781321864659084,9.479323972950299,6.66677248474805,0.0
CMCC-CM2-SR5,historical,qm_historical,historical,1994,2014,monthly_climatology,12,12,china_intersection,955,0,-0.37062937021255493,-0.17789625710362175,0.3844065974226689,24.390534256464107,30.06590998753912,13.258179584054298,9.729687839816132,8.398069289348046,11.754866450434875,2.018345994920741
CMCC-CM2-SR5,historical,qm_historical,historical,1994,2014,seasonal_full,84,68,china_intersection,955,0,-0.25319430232048035,-0.12445453031350213,0.0,11.199561776328476,34.26880337157019,21.220420402271074,13.162521134400086,9.990023431929378,9.830663253101527,0.32800663039925315
CMCC-CM2-SR5,historical,qm_historical,historical,1994,2014,seasonal_climatology,4,4,china_intersection,955,0,-0.4000000059604645,-0.17737831485903646,8.38266043992067,23.01426173511492,28.519422947818477,3.4341126185773443,9.30378662431274,8.457400248464447,11.124940812501332,7.763414573290059
CMCC-CM2-SR5,historical,era5_reference,historical,1994,2014,monthly_full,252,202,china_intersection,955,0,-0.21651846170425415,-0.12908689143071722,0.0,6.418293018833318,36.07928604620809,25.346049326586858,14.98583300404469,9.639552928438212,7.5309856758888225,0.0
CMCC-CM2-SR5,historical,era5_reference,historical,1994,2014,monthly_climatology,12,12,china_intersection,955,0,-0.3496503531932831,-0.16853381744667695,0.707320651768052,22.938053856473736,30.030049043801995,13.192074455816785,10.289460013811466,9.053489580907334,11.349436277269723,2.440116120150898
CMCC-CM2-SR5,historical,era5_reference,historical,1994,2014,seasonal_full,84,68,china_intersection,955,0,-0.2618001401424408,-0.1286931308274251,0.0,10.941367314152453,35.098536950515715,21.217472648425712,13.064351383872127,7.763291772719076,11.25639557278935,0.6585843575255522
CMCC-CM2-SR5,historical,era5_reference,historical,1994,2014,seasonal_climatology,4,4,china_intersection,955,0,-0.4000000059604645,-0.1742537146299737,6.3360640525138585,21.857604601057332,32.95837982405499,4.888412356245683,8.158128134507589,7.668357380367821,9.539998263164414,8.593055388088304
CMCC-ESM2,historical,qm_historical,historical,1994,2014,monthly_full,252,202,china_intersection,955,0,-0.25097575783729553,-0.1487774279027786,0.0,8.602230021453487,36.36925014811688,23.891311575366565,14.814082838505579,9.48283528742185,6.840290129135622,0.0
CMCC-ESM2,historical,qm_historical,historical,1994,2014,monthly_climatology,12,12,china_intersection,955,0,-0.3776223659515381,-0.17665315154886246,0.23840711971026946,25.93168756930931,29.18929023050516,12.991659640211381,8.721575219879867,9.465542608532672,11.200890665345417,2.2609469465059093
CMCC-ESM2,historical,qm_historical,historical,1994,2014,seasonal_full,84,68,china_intersection,955,0,-0.280307799577713,-0.13383455389303173,0.001361833390466437,13.606740497011579,34.14049523257032,18.275362393191614,13.632475743126184,9.030974448748067,10.747136732148931,0.5654531198128248
CMCC-ESM2,historical,qm_historical,historical,1994,2014,seasonal_climatology,4,4,china_intersection,955,0,-0.4000000059604645,-0.18041082820977408,7.180405790800321,27.42519526829874,25.062798446213446,3.391200979363806,9.405379342181865,7.858646261827116,10.88624924148515,8.790124669829545
CMCC-ESM2,historical,era5_reference,historical,1994,2014,monthly_full,252,202,china_intersection,955,0,-0.21651846170425415,-0.12908689143071722,0.0,6.418293018833318,36.07928604620809,25.346049326586858,14.98583300404469,9.639552928438212,7.5309856758888225,0.0
CMCC-ESM2,historical,era5_reference,historical,1994,2014,monthly_climatology,12,12,china_intersection,955,0,-0.3496503531932831,-0.16853381744667695,0.707320651768052,22.938053856473736,30.030049043801995,13.192074455816785,10.289460013811466,9.053489580907334,11.349436277269723,2.440116120150898
CMCC-ESM2,historical,era5_reference,historical,1994,2014,seasonal_full,84,68,china_intersection,955,0,-0.2618001401424408,-0.1286931308274251,0.0,10.941367314152453,35.098536950515715,21.217472648425712,13.064351383872127,7.763291772719076,11.25639557278935,0.6585843575255522
CMCC-ESM2,historical,era5_reference,historical,1994,2014,seasonal_climatology,4,4,china_intersection,955,0,-0.4000000059604645,-0.1742537146299737,6.3360640525138585,21.857604601057332,32.95837982405499,4.888412356245683,8.158128134507589,7.668357380367821,9.539998263164414,8.593055388088304
CanESM5,historical,qm_historical,historical,1994,2014,monthly_full,252,202,china_intersection,174,0,-0.21996711194515228,-0.14597439719681224,0.0,7.838225348555551,35.86313838059743,24.653233233553348,18.05391419804502,6.768585753847838,6.8229030854008,0.0
CanESM5,historical,qm_historical,historical,1994,2014,monthly_climatology,12,12,china_intersection,174,0,-0.25874125957489014,-0.14178187605318782,0.08089904508752173,20.852286452573093,26.40958629082695,18.684787092464397,9.237102392800002,12.889570561556527,7.826323807671204,4.019444357020296
CanESM5,historical,qm_historical,historical,1994,2014,seasonal_full,84,68,china_intersection,174,0,-0.22551381587982178,-0.12675379594128286,0.0,14.25233793059636,29.929109850784474,24.76823663238001,9.100719417233538,11.45362133493912,10.495974834066498,0.0
CanESM5,historical,qm_historical,historical,1994,2014,seasonal_climatology,4,4,china_intersection,174,0,-0.4000000059604645,-0.13380530660354956,5.005658095165518,25.630885197279525,23.32729175540474,3.7933197793053384,14.746278951291107,7.365131287984972,10.822270729585878,9.309164203982919
CanESM5,historical,era5_reference,historical,1994,2014,monthly_full,252,202,china_intersection,174,0,-0.17813706398010254,-0.13333447058544537,0.0,7.110447552694972,33.95524536024991,29.067103068720648,15.189006928815688,8.366604678126299,6.311592411392465,0.0
CanESM5,historical,era5_reference,historical,1994,2014,monthly_climatology,12,12,china_intersection,174,0,-0.3216783106327057,-0.16771513673992391,0.2623537772804165,22.163137789564004,30.946696231091508,12.056072078888297,14.737212726852785,7.629945530331112,9.78667916014224,2.4179027058496314
CanESM5,historical,era5_reference,historical,1994,2014,seasonal_full,84,68,china_intersection,174,0,-0.2309405654668808,-0.13831344132999343,0.0,11.606956640134317,32.495179647796334,27.720013415057878,8.10848782873788,10.523506296352524,8.930057844603391,0.6157983273176743
CanESM5,historical,era5_reference,historical,1994,2014,seasonal_climatology,4,4,china_intersection,174,0,-0.4000000059604645,-0.19611377886345463,5.841069617157494,28.14999478783263,22.603051048024135,9.169351099054596,10.414195235755756,7.5577227305089725,8.753559307516872,7.511056174149538
FGOALS-f3-L,historical,qm_historical,historical,1994,2014,monthly_full,252,202,china_intersection,906,0,-0.18965283036231995,-0.087138393695068,0.0,6.238074919028974,31.185304965090104,26.704977715912015,15.975145847461986,10.94353896291438,8.824363022132104,0.12859456746044248
FGOALS-f3-L,historical,qm_historical,historical,1994,2014,monthly_climatology,12,12,china_intersection,906,0,-0.30069929361343384,-0.12879477941193113,0.0011200187805443399,24.137726940273634,26.081026531181788,13.967518962238895,8.96993292260382,11.636632597374405,13.05119153225304,2.1548504952938834
FGOALS-f3-L,historical,qm_historical,historical,1994,2014,seasonal_full,84,68,china_intersection,906,0,-0.21154196560382843,-0.07371892272559165,0.04401425210801647,11.503266994938533,31.349017359862316,18.796736311333355,13.633769127103305,11.147582266901127,12.102629540282981,1.4229841474703744
FGOALS-f3-L,historical,qm_historical,historical,1994,2014,seasonal_climatology,4,4,china_intersection,906,0,-0.4000000059604645,-0.12030074125223149,6.871688473955808,25.044965490014842,23.470586604374432,3.5188479160442525,8.49042253022635,10.965722622683366,10.855405852302622,10.782360510398334
FGOALS-f3-L,historical,era5_reference,historical,1994,2014,monthly_full,252,202,china_intersection,906,0,-0.20190197229385376,-0.11461060579899378,0.0,7.394974766623492,33.04485127991014,25.71228103270338,16.242207362014657,10.161535817982498,7.444149740765842,0.0
FGOALS-f3-L,historical,era5_reference,historical,1994,2014,monthly_climatology,12,12,china_intersection,906,0,-0.31468531489372253,-0.14280359782872046,0.42897038638832236,22.17782087584606,28.562389919831134,14.74723743879834,9.508938192765513,9.84796885546694,12.676645979180435,2.0500283517232725
FGOALS-f3-L,historical,era5_reference,historical,1994,2014,seasonal_full,84,68,china_intersection,906,0,-0.23071782290935516,-0.1093363719926421,0.0,11.671186024432949,32.864525224294916,21.009277021185376,13.991616708667456,8.063911463869038,11.601019625865831,0.7984639316844357
FGOALS-f3-L,historical,era5_reference,historical,1994,2014,seasonal_climatology,4,4,china_intersection,906,0,-0.4000000059604645,-0.15030895455014429,6.060492688125452,21.809127524111716,28.484320360060877,6.870991547061899,9.476060293564577,8.495120037717157,10.259078676032223,8.544808873326105
FIO-ESM-2-0,historical,qm_historical,historical,1994,2014,monthly_full,252,202,china_intersection,955,0,-0.23165833950042725,-0.1399829510743038,0.0,7.5702856467153925,35.8112718239889,25.68219858603348,13.794445687973154,10.083628158074227,7.058170097214841,0.0
FIO-ESM-2-0,historical,qm_historical,historical,1994,2014,monthly_climatology,12,12,china_intersection,955,0,-0.3216783106327057,-0.1507369414430976,0.11186194379704416,24.949209669973456,26.39089861204135,15.276266955071394,8.527392792039775,10.690127531111026,11.655610439622492,2.3986320563434447
FIO-ESM-2-0,historical,qm_historical,historical,1994,2014,seasonal_full,84,68,china_intersection,955,0,-0.23827072978019714,-0.11366215309201094,0.001361833390466437,11.463874938657481,33.273384706185624,19.226247037538762,14.97741128028513,9.46351318284433,11.019972425540466,0.574234595557724
FIO-ESM-2-0,historical,qm_historical,historical,1994,2014,seasonal_climatology,4,4,china_intersection,955,0,-0.4000000059604645,-0.1422955622197883,6.390886690720187,23.740577511966187,27.966758854791923,3.1707333803096467,9.06611218585762,8.416171109490385,12.989002705698018,8.259757561166026
FIO-ESM-2-0,historical,era5_reference,historical,1994,2014,monthly_full,252,202,china_intersection,955,0,-0.21651846170425415,-0.12908689143071722,0.0,6.418293018833318,36.07928604620809,25.346049326586858,14.98583300404469,9.639552928438212,7.5309856758888225,0.0
FIO-ESM-2-0,historical,era5_reference,historical,1994,2014,monthly_climatology,12,12,china_intersection,955,0,-0.3496503531932831,-0.16853381744667695,0.707320651768052,22.938053856473736,30.030049043801995,13.192074455816785,10.289460013811466,9.053489580907334,11.349436277269723,2.440116120150898
FIO-ESM-2-0,historical,era5_reference,historical,1994,2014,seasonal_full,84,68,china_intersection,955,0,-0.2618001401424408,-0.1286931308274251,0.0,10.941367314152453,35.098536950515715,21.217472648425712,13.064351383872127,7.763291772719076,11.25639557278935,0.6585843575255522
FIO-ESM-2-0,historical,era5_reference,historical,1994,2014,seasonal_climatology,4,4,china_intersection,955,0,-0.4000000059604645,-0.1742537146299737,6.3360640525138585,21.857604601057332,32.95837982405499,4.888412356245683,8.158128134507589,7.668357380367821,9.539998263164414,8.593055388088304
IPSL-CM6A-LR,historical,qm_historical,historical,1994,2014,monthly_full,252,202,china_intersection,382,0,-0.20601727068424225,-0.11756804449703831,0.0,9.136287219424155,30.456735561020405,24.590700868303756,16.725532085362182,11.682822528341243,7.407921737548233,0.0
IPSL-CM6A-LR,historical,qm_historical,historical,1994,2014,monthly_climatology,12,12,china_intersection,382,0,-0.3356643319129944,-0.1594678128251596,0.4174027629926904,25.89588610032607,27.28164345378948,10.734779367485116,12.436072855665442,10.501121668468109,10.709757525146351,2.0233362661267265
IPSL-CM6A-LR,historical,qm_historical,historical,1994,2014,seasonal_full,84,68,china_intersection,382,0,-0.23185177147388458,-0.09765912446003859,0.43891122328987325,12.322406202122208,30.49315061776062,20.09036297299651,11.739349517083703,13.042002734245033,10.94994668536394,0.9238700471380994
IPSL-CM6A-LR,historical,qm_historical,historical,1994,2014,seasonal_climatology,4,4,china_intersection,382,0,-0.4000000059604645,-0.12237827387930243,7.095931851038181,23.3576619084693,25.683850730940293,4.058782226845243,7.0953868296314075,9.10256877244851,14.09845417708631,9.50736350354074
IPSL-CM6A-LR,historical,era5_reference,historical,1994,2014,monthly_full,252,202,china_intersection,382,0,-0.21261388063430786,-0.12233951915994463,0.0,5.612694019713325,34.93660441205899,24.239489251116524,17.93915713725129,10.225408550423127,7.0466466294367205,0.0
IPSL-CM6A-LR,historical,era5_reference,historical,1994,2014,monthly_climatology,12,12,china_intersection,382,0,-0.3496503531932831,-0.16442346962787513,0.378174764367634,22.747492844564935,31.89634334248705,9.540175712404864,12.110510387988274,10.691983873084553,10.900067116343951,1.735251958758726
IPSL-CM6A-LR,historical,era5_reference,historical,1994,2014,seasonal_full,84,68,china_intersection,382,0,-0.2585805356502533,-0.11995379862394522,0.0,10.853548986767892,32.391284754636715,22.592838595478177,14.360504124019142,8.81862820243563,10.387421543715122,0.5957737929473016
IPSL-CM6A-LR,historical,era5_reference,historical,1994,2014,seasonal_climatology,4,4,china_intersection,382,0,-0.4000000059604645,-0.16858747375680122,7.66862953702974,20.459704229317722,30.545508304416156,5.28214403886515,8.931322137601105,9.373045659241479,10.006306494578215,7.733339598950415
KACE-1-0-G,historical,qm_historical,historical,1994,2014,monthly_full,252,202,china_intersection,506,0,-0.1428098976612091,-0.06837278364584372,0.0,7.027070124982671,28.202286986969575,25.815086739111944,16.203960123694618,13.761912182526952,8.989683842714228,0.0
KACE-1-0-G,historical,qm_historical,historical,1994,2014,monthly_climatology,12,12,china_intersection,506,0,-0.30069929361343384,-0.14352854949997595,0.008568974155571459,26.8691411099058,23.563699586992822,14.579168825269656,9.122925801086073,10.789808349778625,12.840117256942124,2.226570095869319
KACE-1-0-G,historical,qm_historical,historical,1994,2014,seasonal_full,84,68,china_intersection,506,0,-0.15162499248981476,-0.05517348409074616,0.08888186744781555,13.269743239354321,26.785719467633584,20.409614859975985,11.59902157895028,13.062784596601851,13.243553911671631,1.5406804783645143
KACE-1-0-G,historical,qm_historical,historical,1994,2014,seasonal_climatology,4,4,china_intersection,506,0,-0.4000000059604645,-0.12921969412378004,6.258666489218949,24.07172553887667,25.880766955173485,4.102418883537895,8.633439606663362,9.68532514613895,12.041824144082346,9.325833236308329
KACE-1-0-G,historical,era5_reference,historical,1994,2014,monthly_full,252,202,china_intersection,506,0,-0.21497146785259247,-0.1263405171601351,0.0,5.654319734288478,34.70874586522871,27.579607825518696,14.957826449390765,10.012570047907392,7.086930077665954,0.0
KACE-1-0-G,historical,era5_reference,historical,1994,2014,monthly_climatology,12,12,china_intersection,506,0,-0.3216783106327057,-0.1626003190239805,0.6188689657844567,22.71709864691683,28.468598622900004,15.46811423880271,8.785248990991722,10.141632142654867,11.547805908988812,2.252632482960583
KACE-1-0-G,historical,era5_reference,historical,1994,2014,seasonal_full,84,68,china_intersection,506,0,-0.22853092849254608,-0.12126589449789467,0.0,10.927956228999177,32.27110589073475,24.446526756185396,12.70424426708476,8.539350357093566,10.445133237828323,0.665683262074015
KACE-1-0-G,historical,era5_reference,historical,1994,2014,seasonal_climatology,4,4,china_intersection,506,0,-0.4000000059604645,-0.170461220153264,5.505693933065955,22.501344455867685,29.55176893569124,7.3409964003179615,9.545431998896785,8.240401061152676,9.89163764090323,7.422725574104448
MPI-ESM1-2-HR,historical,qm_historical,historical,1994,2014,monthly_full,252,202,china_intersection,1261,0,-0.17574948072433472,-0.09046360953223304,0.0,5.151406154720414,33.13776085092356,25.3886251970894,16.471164484354,11.780946444990578,8.070096867922068,0.0
MPI-ESM1-2-HR,historical,qm_historical,historical,1994,2014,monthly_climatology,12,12,china_intersection,1261,0,-0.30069929361343384,-0.13534954098626328,0.3837474137814851,23.9914998264417,25.974981139827417,14.016921490016959,10.10406121828796,11.117996057252393,12.056827353900982,2.3539655004911197
MPI-ESM1-2-HR,historical,qm_historical,historical,1994,2014,seasonal_full,84,68,china_intersection,1261,0,-0.18078364431858063,-0.07481237578160091,6.7937742480258115e-06,9.67610668110513,32.89876231981124,19.309446259608954,13.818971139892287,12.159433324033131,11.285251639522446,0.8520218422525732
MPI-ESM1-2-HR,historical,qm_historical,historical,1994,2014,seasonal_climatology,4,4,china_intersection,1261,0,-0.4000000059604645,-0.11511848467573572,6.786047674761918,21.475753392427002,26.05825471251778,3.487068491513777,11.001115833860508,11.557644991809724,10.085036501260246,9.549078401849062
MPI-ESM1-2-HR,historical,era5_reference,historical,1994,2014,monthly_full,252,202,china_intersection,1261,0,-0.20442529022693634,-0.11696269760340024,0.0,6.094138039559233,34.00834813844529,26.866850465315842,15.63483870553827,9.431984715457899,7.963839935683479,0.0
MPI-ESM1-2-HR,historical,era5_reference,historical,1994,2014,monthly_climatology,12,12,china_intersection,1261,0,-0.31468531489372253,-0.14797954109991507,0.299477138267557,22.068411810074252,28.362478568697693,15.364279026020485,9.809137627901995,9.533599914225762,12.483475820265019,2.0791400945472476
MPI-ESM1-2-HR,historical,era5_reference,historical,1994,2014,seasonal_full,84,68,china_intersection,1261,0,-0.22952313721179962,-0.11078816200979949,0.0,11.05572525278896,33.128114861650396,20.472846457716436,15.066678201060196,8.15171986034948,11.22757571876545,0.8973396476691021
MPI-ESM1-2-HR,historical,era5_reference,historical,1994,2014,seasonal_climatology,4,4,china_intersection,1261,0,-0.4000000059604645,-0.15520917943891085,5.072191526091169,22.601108170325887,30.69847743714218,5.6480794131655205,9.432437272638136,8.282395765237968,9.315326946582752,8.949983468816395
MPI-ESM1-2-LR,historical,qm_historical,historical,1994,2014,monthly_full,252,202,china_intersection,346,0,-0.22187553346157074,-0.11969986947339327,0.0,7.120933261063471,34.745007652559295,23.65496236643885,16.68686724020476,11.33016848047919,6.462060999254427,0.0
MPI-ESM1-2-LR,historical,qm_historical,historical,1994,2014,monthly_climatology,12,12,china_intersection,346,0,-0.35664334893226624,-0.15694511842171915,0.0,25.093467966574906,27.454171028094656,12.458898284413696,11.065582896686115,12.123444245321478,9.890918093169947,1.913517485739192
MPI-ESM1-2-LR,historical,qm_historical,historical,1994,2014,seasonal_full,84,68,china_intersection,346,0,-0.26254937052726746,-0.11714771830043008,0.05932238194769127,11.879024660007554,34.23368587698033,18.234224865097868,13.667477446698848,11.109867507125264,10.113263952302193,0.7031333098402484
MPI-ESM1-2-LR,historical,qm_historical,historical,1994,2014,seasonal_climatology,4,4,china_intersection,346,0,-0.4000000059604645,-0.15100007667165036,7.923738384476798,23.761085144828158,27.653171728030422,1.7222640899019912,8.731262082351915,10.861021712856841,10.262380780617804,9.085076076936058
MPI-ESM1-2-LR,historical,era5_reference,historical,1994,2014,monthly_full,252,202,china_intersection,346,0,-0.2173898071050644,-0.13231771148108398,0.0,5.997605894422136,37.280108657356486,23.646097224209388,16.918103751548447,10.057084550369119,6.100999922094407,0.0
MPI-ESM1-2-LR,historical,era5_reference,historical,1994,2014,monthly_climatology,12,12,china_intersection,346,0,-0.3356643319129944,-0.16415239218196573,0.6782664841948715,24.446268060070487,27.05682447357381,13.145982308350135,11.839749458263622,10.674055077397892,10.21743085350699,1.9414232846421957
MPI-ESM1-2-LR,historical,era5_reference,historical,1994,2014,seasonal_full,84,68,china_intersection,346,0,-0.2645540237426758,-0.1357957737345023,0.0,12.52211388630235,33.49988446114262,22.363389884628333,14.10427691916345,6.7354382922372915,10.100806023451485,0.6740905330744635
MPI-ESM1-2-LR,historical,era5_reference,historical,1994,2014,seasonal_climatology,4,4,china_intersection,346,0,-0.4000000059604645,-0.18265037866615905,6.173421330943945,23.042992260085295,30.11384366006289,6.5087550513584045,9.01202827113029,8.360118299176232,8.84560802862111,7.943233098621822
MRI-ESM2-0,historical,qm_historical,historical,1994,2014,monthly_full,252,202,china_intersection,897,0,-0.20042698085308075,-0.11058415658309692,0.0,7.373023815828417,32.17738092196325,25.903468078767624,14.20563333426508,13.423298954916968,6.91719489425868,0.0
MRI-ESM2-0,historical,qm_historical,historical,1994,2014,monthly_climatology,12,12,china_intersection,897,0,-0.3216783106327057,-0.1441435233097503,0.0,22.591963085958593,29.665845243634983,13.094291364939862,9.476906068989098,10.617095309999085,13.045826204011542,1.5080727224668442
MRI-ESM2-0,historical,qm_historical,historical,1994,2014,seasonal_full,84,68,china_intersection,897,0,-0.221747487783432,-0.09341950934574848,0.02085047105745861,12.492974200901296,30.63943067735909,20.757660967940776,12.400679703285395,10.487466394494,12.27240258439722,0.9285350005647736
MRI-ESM2-0,historical,qm_historical,historical,1994,2014,seasonal_climatology,4,4,china_intersection,897,0,-0.4000000059604645,-0.15169918841652444,6.417943412427339,26.80083719110827,25.089187481804196,2.9386882796937734,9.577024463517539,7.242268271729289,13.543087922527109,8.390962977192489
MRI-ESM2-0,historical,era5_reference,historical,1994,2014,monthly_full,252,202,china_intersection,897,0,-0.19284802675247192,-0.11873291968264779,0.0,7.261336145687306,32.53746852651195,27.05413790911161,15.276993920368623,10.59434685905437,7.275716639266146,0.0
MRI-ESM2-0,historical,era5_reference,historical,1994,2014,monthly_climatology,12,12,china_intersection,897,0,-0.3216783106327057,-0.1577577240018945,0.5192379321512685,22.01282007419001,29.433121611506976,14.035672615181513,10.57227020771725,9.374719617811849,11.62374161601741,2.428416325423727
MRI-ESM2-0,historical,era5_reference,historical,1994,2014,seasonal_full,84,68,china_intersection,897,0,-0.22942188382148743,-0.11786829405613962,0.0,11.272417889096907,32.24595206325016,23.028879470526466,13.524560590905914,8.374914149656178,11.067001508124907,0.4862743284394716
MRI-ESM2-0,historical,era5_reference,historical,1994,2014,seasonal_climatology,4,4,china_intersection,897,0,-0.4000000059604645,-0.17114261359527638,6.596820108921863,22.98435531782973,29.562060482312894,5.39548489486192,9.653010099488295,7.620175240756972,10.246135320208216,7.9419585356201114
TaiESM1,historical,qm_historical,historical,1994,2014,monthly_full,252,202,china_intersection,955,0,-0.19724828004837036,-0.10968235015412423,0.0,7.9048748784659875,32.097670107380864,25.9946582401409,15.585136888852023,9.947322738965477,8.470337146194739,0.0
TaiESM1,historical,qm_historical,historical,1994,2014,monthly_climatology,12,12,china_intersection,955,0,-0.32867133617401123,-0.15243135598311466,0.36567961733620974,26.818041683198103,25.263552742878705,13.790955708284491,8.594154451867368,9.840330009005546,11.968024604863764,3.3592611825657896
TaiESM1,historical,qm_historical,historical,1994,2014,seasonal_full,84,68,china_intersection,955,0,-0.22626303136348724,-0.0972922111222057,0.0,11.617655455662165,32.889659138024136,18.93955080250333,12.973613216085086,11.291094900976228,11.65287957438165,0.6355469123674017
TaiESM1,historical,qm_historical,historical,1994,2014,seasonal_climatology,4,4,china_intersection,955,0,-0.4000000059604645,-0.16105902773208755,7.163232915367486,26.139657141105634,25.8428503277478,3.4593538906462884,9.209828173327185,6.312989991070342,13.276411736282885,8.595675824452371
TaiESM1,historical,era5_reference,historical,1994,2014,monthly_full,252,202,china_intersection,955,0,-0.21651846170425415,-0.12908689143071722,0.0,6.418293018833318,36.07928604620809,25.346049326586858,14.98583300404469,9.639552928438212,7.5309856758888225,0.0
TaiESM1,historical,era5_reference,historical,1994,2014,monthly_climatology,12,12,china_intersection,955,0,-0.3496503531932831,-0.16853381744667695,0.707320651768052,22.938053856473736,30.030049043801995,13.192074455816785,10.289460013811466,9.053489580907334,11.349436277269723,2.440116120150898
TaiESM1,historical,era5_reference,historical,1994,2014,seasonal_full,84,68,china_intersection,955,0,-0.2618001401424408,-0.1286931308274251,0.0,10.941367314152453,35.098536950515715,21.217472648425712,13.064351383872127,7.763291772719076,11.25639557278935,0.6585843575255522
TaiESM1,historical,era5_reference,historical,1994,2014,seasonal_climatology,4,4,china_intersection,955,0,-0.4000000059604645,-0.1742537146299737,6.3360640525138585,21.857604601057332,32.95837982405499,4.888412356245683,8.158128134507589,7.668357380367821,9.539998263164414,8.593055388088304
