variable,variable_paper,ssp,unit,n_years,year_2015,year_2100,late_century_mean_2080_2100,start_mean_2015_2019,end_mean_2096_2100,decline_endpoint_2015_2100,decline_5yr_smoothed,mk_S,mk_var_S,mk_Z,mk_p_two_sided,mk_direction,ols_slope_per_yr,ols_intercept,theil_sen_slope_per_yr,paper_ref_mk_Z,paper_ref_slope_per_yr,paper_z_direction_match
pvpot,pvpot,ssp126,W m-2,86,198.6590679792137,204.5545954147653,203.91647314889846,199.48869235971353,204.17404350964472,-5.8955274355516,-4.6853511499311935,2841.0,71881.66666666667,10.592763374409662,3.219449124644136e-26,increasing,0.05103988984412264,97.65986118721136,0.04789041815757965,,0.07,n/a
pvpot,pvpot,ssp245,W m-2,86,199.22345799387344,201.8276844850677,201.10736017307391,198.8633364621575,201.34221199319398,-2.604226491194254,-2.4788755310364934,2443.0,71881.66666666667,9.108284563488871,8.369479633485593e-20,increasing,0.029260652992810145,139.94472665517,0.029540377903847333,,,n/a
pvpot,pvpot,ssp585,W m-2,86,199.2030878024288,197.9392283164569,198.09268091355955,199.15609178131643,198.007037943828,1.2638594859718921,1.1490538374884238,-2039.0,71881.66666666667,-7.60142667501651,2.928837071613651e-14,decreasing,-0.02316487463055471,246.66664867411856,-0.0245841957270922,,-0.03,n/a
wpd,wpd,ssp126,W m-2,86,30.254552562417075,29.233493950851354,28.69244893319939,30.052708502321387,28.751534456161504,1.0210586115657208,1.3011740461598826,-1373.0,71881.66666666667,-5.117349066792273,3.0985984220962737e-07,decreasing,-0.0195417199249349,69.05896016769884,-0.02024145085979634,,,n/a
wpd,wpd,ssp245,W m-2,86,29.93887265067846,28.69245356045576,28.18001700119153,29.592655406660747,28.365382029643165,1.2464190902226981,1.2272733770175819,-1979.0,71881.66666666667,-7.377635899500813,1.6112487469845163e-13,decreasing,-0.02089146307607251,71.8519578053212,-0.019784294650540345,,,n/a
wpd,wpd,ssp585,W m-2,86,29.70330419840445,27.73648170392511,27.784031764436016,29.84697893308037,27.903446426609907,1.966822494479338,1.9435325064704614,-2433.0,71881.66666666667,-9.070986100902921,1.179446959886495e-19,decreasing,-0.031595757862574285,93.83012757466271,-0.031003700488852558,,,n/a
rsds,rsds,ssp126,W m-2,86,190.63891206731216,198.09097867043437,197.36803064060956,191.57525298917284,197.63744017991604,-7.452066603122205,-6.062187190743202,2849.0,71881.66666666667,10.62260214447842,2.3394714514611852e-26,increasing,0.06644877958045667,59.10347618288148,0.06199472548970388,11.8,,yes
rsds,rsds,ssp245,W m-2,86,191.2244446388003,196.42545103011489,195.67484637985467,190.9567919077602,195.97769685677682,-5.201006391314593,-5.020904949016625,3055.0,71881.66666666667,11.390950473748982,4.639015177052473e-30,increasing,0.062338983802558375,65.48536018793283,0.06211099482725302,11.6,,yes
rsds,rsds,ssp585,W m-2,86,191.2240097303742,195.81351899828752,195.20836837868077,191.2572068705082,195.73126181013419,-4.589509267913314,-4.474054939625972,2877.0,71881.66666666667,10.72703783971908,7.599322232739838e-27,increasing,0.047679349080156946,95.57987666451261,0.04755182277205892,10.9,,yes
tas_c,tas,ssp126,degree_Celsius,86,7.453821507610427,8.849481808620899,8.807495027632829,7.521000179241781,8.816076271225615,-1.395660301010472,-1.2950760919838338,2493.0,71881.66666666667,9.294776876418618,1.4751527319883e-20,increasing,0.014298691341985784,-20.898343668286508,0.01353501179885564,9.2,,yes
tas_c,tas,ssp245,degree_Celsius,86,7.4545646736873,10.030310331013014,9.97353589789257,7.546483670507991,10.060596615500842,-2.5757456573257143,-2.514112944992851,3423.0,71881.66666666667,12.763533896911923,2.6203794986695297e-37,increasing,0.03265589014368318,-58.16374662001161,0.033307626529770054,12.7,,yes
tas_c,tas,ssp585,degree_Celsius,86,7.452015665530273,13.414264086094002,12.637730091000321,7.560099568611832,13.270904152308379,-5.962248420563729,-5.710804583696547,3581.0,71881.66666666667,13.352849605769926,1.1400296061100473e-40,increasing,0.07202156417187427,-138.034847899623,0.07253588178143683,13.3,,yes
sfcWind_10m,sfcWind,ssp126,m s-1,86,1.3176409402844684,1.272322307431021,1.26783570815348,1.3117942192487946,1.268466960294211,0.045318632853447394,0.04332725895458367,-1589.0,71881.66666666667,-5.9229958586487825,3.161288084059784e-09,decreasing,-0.0006316773651503243,2.5756176210989787,-0.0006380178105693148,-5.2,,yes
sfcWind_10m,sfcWind,ssp245,m s-1,86,1.3046989095022783,1.2692296611238727,1.2642759920030588,1.3039529547423119,1.2654809478431233,0.03546924837840559,0.038472006899188615,-2283.0,71881.66666666667,-8.51150916211368,1.716839630049056e-17,decreasing,-0.0005837832622401814,2.484521670933873,-0.0005522792473026031,-7.9,,yes
sfcWind_10m,sfcWind,ssp585,m s-1,86,1.299833053258577,1.2413294039667828,1.2462433098866372,1.3119616419820905,1.2453365917760633,0.05850364929179408,0.06662505020602727,-2803.0,71881.66666666667,-10.451029216583054,1.4494364636872526e-25,decreasing,-0.0009842902184879169,3.3038718916260783,-0.0009760794494616853,-9.9,,yes
