item_id,metric,variable,ssp,period,paper_value,unit,source_figure_table,source_page,exact_or_approx,comparability_grade,definition_note
pvpot_2100_ssp126,national mean PVpot at year 2100,pvpot,ssp126,2100,196.0,W m-2,Fig. 3 / section 4.2,p.6 (results),approximate,B,paper 'end of century'/'2100' value; compared to Route B year-2100 (NOT the 2080-2100 period mean)
pvpot_2100_ssp245,national mean PVpot at year 2100,pvpot,ssp245,2100,193.0,W m-2,Fig. 3 / section 4.2,p.6 (results),approximate,B,paper 'end of century'/'2100' value; compared to Route B year-2100 (NOT the 2080-2100 period mean)
pvpot_2100_ssp585,national mean PVpot at year 2100,pvpot,ssp585,2100,188.0,W m-2,Fig. 3 / section 4.2,p.6 (results),approximate,B,paper 'end of century'/'2100' value; compared to Route B year-2100 (NOT the 2080-2100 period mean)
pvpot_slope_ssp126,"PVpot linear trend slope, 2015-2100",pvpot,ssp126,2015-2100,0.07,W m-2 yr-1,Fig. 3 / section 4.2,p.6 (results),approximate,B,paper reports ~+0.07 W m-2 yr-1 for SSP1-2.6
pvpot_slope_ssp585,"PVpot linear trend slope, 2015-2100",pvpot,ssp585,2015-2100,-0.03,W m-2 yr-1,Fig. 3 / section 4.2,p.6 (results),approximate,B,paper reports ~-0.03 W m-2 yr-1 for SSP5-8.5
sfcwind_2100,sfcWind value at year 2100,sfcWind,all,2100,1.7,m s-1,section 4.1,p.5 (results),approximate,B,paper: 'reaching ~1.7 m s-1 by end of this century'; compared to Route B year-2100 per SSP
sfcwind_decline,sfcWind decline over the projection,sfcWind,all,2015-2100,0.1,m s-1,section 4.1,p.5 (results),approximate,B,paper: 'decrease by approximately 0.1 m s-1' (start vs end)
table4_z_rsds_ssp126,Mann-Kendall Z (national annual mean series),rsds,ssp126,2015-2100,11.8,Z (dimensionless),Table 4,p.5 (results),exact,B,all p<0.001; sign gives trend direction
table4_z_rsds_ssp245,Mann-Kendall Z (national annual mean series),rsds,ssp245,2015-2100,11.6,Z (dimensionless),Table 4,p.5 (results),exact,B,all p<0.001; sign gives trend direction
table4_z_rsds_ssp585,Mann-Kendall Z (national annual mean series),rsds,ssp585,2015-2100,10.9,Z (dimensionless),Table 4,p.5 (results),exact,B,all p<0.001; sign gives trend direction
table4_dir_rsds,trend direction of national annual mean,rsds,all,2015-2100,increasing,direction,Table 4,p.5 (results),exact,B,sign of M-K Z
table4_z_tas_ssp126,Mann-Kendall Z (national annual mean series),tas,ssp126,2015-2100,9.2,Z (dimensionless),Table 4,p.5 (results),exact,B,all p<0.001; sign gives trend direction
table4_z_tas_ssp245,Mann-Kendall Z (national annual mean series),tas,ssp245,2015-2100,12.7,Z (dimensionless),Table 4,p.5 (results),exact,B,all p<0.001; sign gives trend direction
table4_z_tas_ssp585,Mann-Kendall Z (national annual mean series),tas,ssp585,2015-2100,13.3,Z (dimensionless),Table 4,p.5 (results),exact,B,all p<0.001; sign gives trend direction
table4_dir_tas,trend direction of national annual mean,tas,all,2015-2100,increasing,direction,Table 4,p.5 (results),exact,B,sign of M-K Z
table4_z_sfcWind_ssp126,Mann-Kendall Z (national annual mean series),sfcWind,ssp126,2015-2100,-5.2,Z (dimensionless),Table 4,p.5 (results),exact,B,all p<0.001; sign gives trend direction
table4_z_sfcWind_ssp245,Mann-Kendall Z (national annual mean series),sfcWind,ssp245,2015-2100,-7.9,Z (dimensionless),Table 4,p.5 (results),exact,B,all p<0.001; sign gives trend direction
table4_z_sfcWind_ssp585,Mann-Kendall Z (national annual mean series),sfcWind,ssp585,2015-2100,-9.9,Z (dimensionless),Table 4,p.5 (results),exact,B,all p<0.001; sign gives trend direction
table4_dir_sfcWind,trend direction of national annual mean,sfcWind,all,2015-2100,decreasing,direction,Table 4,p.5 (results),exact,B,sign of M-K Z
wpd_diff_ssp245_vs_ssp126,WPD end-of-century difference vs SSP1-2.6 (year-2100 AND period-mean),wpd,ssp245,2100 / 2080-2100,-1.0,W m-2,Fig. 6 / section 4.3,p.7 (results),approximate,B,paper '~1 W m-2 lower under SSP2-4.5'; paper does NOT specify year-2100 vs 2080-2100 period mean
wpd_diff_ssp585_vs_ssp126,WPD end-of-century difference vs SSP1-2.6 (year-2100 AND period-mean),wpd,ssp585,2100 / 2080-2100,-2.0,W m-2,Fig. 6 / section 4.3,p.7 (results),approximate,B,paper '~2 W m-2 lower under SSP5-8.5'; paper does NOT specify year-2100 vs 2080-2100 period mean
table5_maximum_ssp126,WPD maximum over China (unspecified aggregation),wpd,ssp126,unspecified (future 2015-2100 samples),2551.42,W m-2,Table 5,p.7 (results),exact,B (non-identifiable),time/space/model aggregation order unspecified in the paper
table5_minimum_ssp126,WPD minimum over China (unspecified aggregation),wpd,ssp126,unspecified (future 2015-2100 samples),0.0029,W m-2,Table 5,p.7 (results),exact,B (non-identifiable),time/space/model aggregation order unspecified in the paper
table5_median_ssp126,WPD median over China (unspecified aggregation),wpd,ssp126,unspecified (future 2015-2100 samples),9.78,W m-2,Table 5,p.7 (results),exact,B (non-identifiable),time/space/model aggregation order unspecified in the paper
table5_std_ssp126,WPD std over China (unspecified aggregation),wpd,ssp126,unspecified (future 2015-2100 samples),151.49,W m-2,Table 5,p.7 (results),exact,B (non-identifiable),time/space/model aggregation order unspecified in the paper
table5_maximum_ssp245,WPD maximum over China (unspecified aggregation),wpd,ssp245,unspecified (future 2015-2100 samples),2561.68,W m-2,Table 5,p.7 (results),exact,B (non-identifiable),time/space/model aggregation order unspecified in the paper
table5_minimum_ssp245,WPD minimum over China (unspecified aggregation),wpd,ssp245,unspecified (future 2015-2100 samples),0.0044,W m-2,Table 5,p.7 (results),exact,B (non-identifiable),time/space/model aggregation order unspecified in the paper
table5_median_ssp245,WPD median over China (unspecified aggregation),wpd,ssp245,unspecified (future 2015-2100 samples),9.62,W m-2,Table 5,p.7 (results),exact,B (non-identifiable),time/space/model aggregation order unspecified in the paper
table5_std_ssp245,WPD std over China (unspecified aggregation),wpd,ssp245,unspecified (future 2015-2100 samples),150.22,W m-2,Table 5,p.7 (results),exact,B (non-identifiable),time/space/model aggregation order unspecified in the paper
table5_maximum_ssp585,WPD maximum over China (unspecified aggregation),wpd,ssp585,unspecified (future 2015-2100 samples),2796.12,W m-2,Table 5,p.7 (results),exact,B (non-identifiable),time/space/model aggregation order unspecified in the paper
table5_minimum_ssp585,WPD minimum over China (unspecified aggregation),wpd,ssp585,unspecified (future 2015-2100 samples),0.0028,W m-2,Table 5,p.7 (results),exact,B (non-identifiable),time/space/model aggregation order unspecified in the paper
table5_median_ssp585,WPD median over China (unspecified aggregation),wpd,ssp585,unspecified (future 2015-2100 samples),9.84,W m-2,Table 5,p.7 (results),exact,B (non-identifiable),time/space/model aggregation order unspecified in the paper
table5_std_ssp585,WPD std over China (unspecified aggregation),wpd,ssp585,unspecified (future 2015-2100 samples),150.4,W m-2,Table 5,p.7 (results),exact,B (non-identifiable),time/space/model aggregation order unspecified in the paper
table3_very_strong_similarity,Spearman rho similarity/complementarity threshold,wpd-vs-pvpot,all,any,0.9 <= rho <= 1.0,rho interval,Table 3,p.5 (results),exact,A,project uses identical 8-grade thresholds
table3_strong_similarity,Spearman rho similarity/complementarity threshold,wpd-vs-pvpot,all,any,0.6 <= rho < 0.9,rho interval,Table 3,p.5 (results),exact,A,project uses identical 8-grade thresholds
table3_moderate_similarity,Spearman rho similarity/complementarity threshold,wpd-vs-pvpot,all,any,0.3 <= rho < 0.6,rho interval,Table 3,p.5 (results),exact,A,project uses identical 8-grade thresholds
table3_weak_similarity,Spearman rho similarity/complementarity threshold,wpd-vs-pvpot,all,any,0.0 <= rho < 0.3,rho interval,Table 3,p.5 (results),exact,A,project uses identical 8-grade thresholds
table3_weak_complementarity,Spearman rho similarity/complementarity threshold,wpd-vs-pvpot,all,any,-0.3 < rho <= 0.0,rho interval,Table 3,p.5 (results),exact,A,project uses identical 8-grade thresholds
table3_moderate_complementarity,Spearman rho similarity/complementarity threshold,wpd-vs-pvpot,all,any,-0.6 < rho <= -0.3,rho interval,Table 3,p.5 (results),exact,A,project uses identical 8-grade thresholds
table3_strong_complementarity,Spearman rho similarity/complementarity threshold,wpd-vs-pvpot,all,any,-0.9 < rho <= -0.6,rho interval,Table 3,p.5 (results),exact,A,project uses identical 8-grade thresholds
table3_very_strong_complementarity,Spearman rho similarity/complementarity threshold,wpd-vs-pvpot,all,any,-1.0 <= rho <= -0.9,rho interval,Table 3,p.5 (results),exact,A,project uses identical 8-grade thresholds
