item_id,paper_metric,variable,ssp,period,paper_value,paper_unit,exact_or_approx,comparability_grade,route_b_value,route_b_value_description,absolute_difference,direction_or_ranking_match,note
pvpot_2100_ssp126,national mean PVpot at year 2100,pvpot,ssp126,2100,196.0,W m-2,approximate,B,204.5545954147653,Route B year-2100 ensemble annual mean (area-weighted),8.554595414765288,n/a (scalar),"late-century (2080-2100) period mean = 203.916 W m-2 (informational only, NOT the 2100 endpoint)"
pvpot_2100_ssp245,national mean PVpot at year 2100,pvpot,ssp245,2100,193.0,W m-2,approximate,B,201.8276844850677,Route B year-2100 ensemble annual mean (area-weighted),8.827684485067692,n/a (scalar),"late-century (2080-2100) period mean = 201.107 W m-2 (informational only, NOT the 2100 endpoint)"
pvpot_2100_ssp585,national mean PVpot at year 2100,pvpot,ssp585,2100,188.0,W m-2,approximate,B,197.9392283164569,Route B year-2100 ensemble annual mean (area-weighted),9.939228316456905,n/a (scalar),"late-century (2080-2100) period mean = 198.093 W m-2 (informational only, NOT the 2100 endpoint)"
pvpot_slope_ssp126,"PVpot linear trend slope, 2015-2100",pvpot,ssp126,2015-2100,0.07,W m-2 yr-1,approximate,B,0.05103988984412264,Route B OLS slope of 2015-2100 China area-weighted annual mean,0.01896011015587737,consistent,Theil-Sen sensitivity slope = 0.0479 W m-2 yr-1
pvpot_slope_ssp585,"PVpot linear trend slope, 2015-2100",pvpot,ssp585,2015-2100,-0.03,W m-2 yr-1,approximate,B,-0.02316487463055471,Route B OLS slope of 2015-2100 China area-weighted annual mean,0.006835125369445288,consistent,Theil-Sen sensitivity slope = -0.0246 W m-2 yr-1
sfcwind_2100_ssp126,sfcWind value at year 2100,sfcWind,all,2100,1.7,m s-1,approximate,B,1.272322307431021,"Route B year-2100 ensemble annual mean, ssp126 (area-weighted)",0.4276776925689789,n/a (scalar),paper gives a single ~1.7 m s-1 (not per SSP); area-weighted vs plain-native diagnostic in the Markdown report
sfcwind_2100_ssp245,sfcWind value at year 2100,sfcWind,all,2100,1.7,m s-1,approximate,B,1.2692296611238727,"Route B year-2100 ensemble annual mean, ssp245 (area-weighted)",0.43077033887612726,n/a (scalar),paper gives a single ~1.7 m s-1 (not per SSP); area-weighted vs plain-native diagnostic in the Markdown report
sfcwind_2100_ssp585,sfcWind value at year 2100,sfcWind,all,2100,1.7,m s-1,approximate,B,1.2413294039667828,"Route B year-2100 ensemble annual mean, ssp585 (area-weighted)",0.45867059603321714,n/a (scalar),paper gives a single ~1.7 m s-1 (not per SSP); area-weighted vs plain-native diagnostic in the Markdown report
sfcwind_decline_ssp126,sfcWind decline over the projection,sfcWind,all,2015-2100,0.1,m s-1,approximate,B,0.045318632853447394,"Route B (year-2015 - year-2100), ssp126",0.05468136714655261,consistent,5-yr smoothed decline = 0.0433 m s-1; paper reports a decline (~0.1 m s-1)
sfcwind_decline_ssp245,sfcWind decline over the projection,sfcWind,all,2015-2100,0.1,m s-1,approximate,B,0.03546924837840559,"Route B (year-2015 - year-2100), ssp245",0.06453075162159441,consistent,5-yr smoothed decline = 0.0385 m s-1; paper reports a decline (~0.1 m s-1)
sfcwind_decline_ssp585,sfcWind decline over the projection,sfcWind,all,2015-2100,0.1,m s-1,approximate,B,0.05850364929179408,"Route B (year-2015 - year-2100), ssp585",0.041496350708205926,consistent,5-yr smoothed decline = 0.0666 m s-1; paper reports a decline (~0.1 m s-1)
table4_z_rsds_ssp126,Mann-Kendall Z (national annual mean series),rsds,ssp126,2015-2100,11.8,Z (dimensionless),exact,B,10.62260214447842,Route B M-K Z on 2015-2100 area-weighted annual mean series,1.1773978555215798,consistent,Z magnitude is not directly comparable (different series construction); sign is the comparable quantity; both two-sided
table4_z_rsds_ssp245,Mann-Kendall Z (national annual mean series),rsds,ssp245,2015-2100,11.6,Z (dimensionless),exact,B,11.390950473748982,Route B M-K Z on 2015-2100 area-weighted annual mean series,0.20904952625101814,consistent,Z magnitude is not directly comparable (different series construction); sign is the comparable quantity; both two-sided
table4_z_rsds_ssp585,Mann-Kendall Z (national annual mean series),rsds,ssp585,2015-2100,10.9,Z (dimensionless),exact,B,10.72703783971908,Route B M-K Z on 2015-2100 area-weighted annual mean series,0.17296216028092104,consistent,Z magnitude is not directly comparable (different series construction); sign is the comparable quantity; both two-sided
table4_dir_rsds,trend direction of national annual mean,rsds,all,2015-2100,increasing,direction,exact,B,increasing,Route B M-K trend direction (consistent across all 3 SSPs),,consistent,paper direction: increasing
table4_z_tas_ssp126,Mann-Kendall Z (national annual mean series),tas,ssp126,2015-2100,9.2,Z (dimensionless),exact,B,9.294776876418618,Route B M-K Z on 2015-2100 area-weighted annual mean series,0.09477687641861898,consistent,Z magnitude is not directly comparable (different series construction); sign is the comparable quantity; both two-sided
table4_z_tas_ssp245,Mann-Kendall Z (national annual mean series),tas,ssp245,2015-2100,12.7,Z (dimensionless),exact,B,12.763533896911923,Route B M-K Z on 2015-2100 area-weighted annual mean series,0.0635338969119239,consistent,Z magnitude is not directly comparable (different series construction); sign is the comparable quantity; both two-sided
table4_z_tas_ssp585,Mann-Kendall Z (national annual mean series),tas,ssp585,2015-2100,13.3,Z (dimensionless),exact,B,13.352849605769926,Route B M-K Z on 2015-2100 area-weighted annual mean series,0.052849605769925034,consistent,Z magnitude is not directly comparable (different series construction); sign is the comparable quantity; both two-sided
table4_dir_tas,trend direction of national annual mean,tas,all,2015-2100,increasing,direction,exact,B,increasing,Route B M-K trend direction (consistent across all 3 SSPs),,consistent,paper direction: increasing
table4_z_sfcWind_ssp126,Mann-Kendall Z (national annual mean series),sfcWind,ssp126,2015-2100,-5.2,Z (dimensionless),exact,B,-5.9229958586487825,Route B M-K Z on 2015-2100 area-weighted annual mean series,0.7229958586487824,consistent,Z magnitude is not directly comparable (different series construction); sign is the comparable quantity; both two-sided
table4_z_sfcWind_ssp245,Mann-Kendall Z (national annual mean series),sfcWind,ssp245,2015-2100,-7.9,Z (dimensionless),exact,B,-8.51150916211368,Route B M-K Z on 2015-2100 area-weighted annual mean series,0.6115091621136788,consistent,Z magnitude is not directly comparable (different series construction); sign is the comparable quantity; both two-sided
table4_z_sfcWind_ssp585,Mann-Kendall Z (national annual mean series),sfcWind,ssp585,2015-2100,-9.9,Z (dimensionless),exact,B,-10.451029216583054,Route B M-K Z on 2015-2100 area-weighted annual mean series,0.5510292165830535,consistent,Z magnitude is not directly comparable (different series construction); sign is the comparable quantity; both two-sided
table4_dir_sfcWind,trend direction of national annual mean,sfcWind,all,2015-2100,decreasing,direction,exact,B,decreasing,Route B M-K trend direction (consistent across all 3 SSPs),,consistent,paper direction: decreasing
wpd_diff_ssp245_vs_ssp126_2100,WPD end-of-century difference vs SSP1-2.6 (year-2100 AND period-mean),wpd,ssp245,2100 / 2080-2100,-1.0,W m-2,approximate,B,-0.5410403903955938,Route B year-2100 (ssp245 minus ssp126),0.4589596096044062,consistent,paper does not specify year-2100 vs period mean
wpd_diff_ssp245_vs_ssp126_periodmean,WPD end-of-century difference vs SSP1-2.6 (year-2100 AND period-mean),wpd,ssp245,2100 / 2080-2100,-1.0,W m-2,approximate,B,-0.5124319320078605,Route B 2080-2100 period mean (ssp245 minus ssp126),0.4875680679921395,consistent,paper does not specify year-2100 vs period mean
wpd_diff_ssp585_vs_ssp126_2100,WPD end-of-century difference vs SSP1-2.6 (year-2100 AND period-mean),wpd,ssp585,2100 / 2080-2100,-2.0,W m-2,approximate,B,-1.4970122469262428,Route B year-2100 (ssp585 minus ssp126),0.5029877530737572,consistent,paper does not specify year-2100 vs period mean
wpd_diff_ssp585_vs_ssp126_periodmean,WPD end-of-century difference vs SSP1-2.6 (year-2100 AND period-mean),wpd,ssp585,2100 / 2080-2100,-2.0,W m-2,approximate,B,-0.9084171687633749,Route B 2080-2100 period mean (ssp585 minus ssp126),1.0915828312366251,consistent,paper does not specify year-2100 vs period mean
