scenario,future_period,variable,comparison,optimized_minus_paper_period_mean,optimized_minus_paper_period_mean_percent,difference_in_national_change_percentage_points
ssp126,mid_century,pvpot,D_minus_B,0.04980470594287567,0.02454434253071902,0.024887459873677686
ssp126,mid_century,wpd,D_minus_B,1.024278959472916,3.6711025628172633,3.4060192913953458
ssp126,late_century,pvpot,D_minus_B,0.05176698964493198,0.025379723873886206,0.0258680149431465
ssp126,late_century,wpd,D_minus_B,1.0339968193357123,3.678770620145433,3.4383339434319287
ssp245,mid_century,pvpot,D_minus_B,0.033425309731626385,0.016724448579052975,0.016702659697764827
ssp245,mid_century,wpd,D_minus_B,0.9414230036425231,3.328285027642286,3.130499637930492
ssp245,late_century,pvpot,D_minus_B,0.020476834750809303,0.010179767701745668,0.01023229418893079
ssp245,late_century,wpd,D_minus_B,1.1196665633038592,4.055823472391862,3.7232102439219448
ssp585,mid_century,pvpot,D_minus_B,0.017435074570187226,0.008739818263703292,0.008712323675955425
ssp585,mid_century,wpd,D_minus_B,0.7758619187632796,2.725422125928989,2.5799618730102543
ssp585,late_century,pvpot,D_minus_B,0.0038362016485109507,0.0019363012514261868,0.0019169536851428859
ssp585,late_century,wpd,D_minus_B,1.0301251167281578,3.7901222049918415,3.425459429462939
