scenario,method,route,historical_period,future_period,future_years,variable,unit,national_mean_source,historical_china_area_mean,future_china_area_mean,absolute_change_of_area_mean,percent_change_of_area_mean,area_mean_of_gridwise_percent_change,gridwise_percent_mean_minus_national_percent_change_pp,common_grid_map_historical_area_mean,common_grid_map_future_area_mean
ssp126,paper_qm,B,1994-2014,mid_century,2040-2060,pvpot,W m-2,equal-weight 17-model ensemble of native-grid intersection-area-weighted period means,200.02716724506317,202.86827052405164,2.84110327898847,1.4203587033293803,1.9772096473457677,0.5568509440163874,199.84655541652262,202.69064127635102
ssp126,paper_qm,B,1994-2014,late_century,2080-2100,pvpot,W m-2,equal-weight 17-model ensemble of native-grid intersection-area-weighted period means,200.02716724506317,203.91647314889843,3.8893059038352646,1.9443888334779464,2.5829286252051595,0.6385397917272131,199.84655541652262,203.74392712897648
ssp126,paper_qm,B,1994-2014,mid_century,2040-2060,wpd,W m-2,equal-weight 17-model ensemble of native-grid intersection-area-weighted period means,30.682940732056743,28.539081394982695,-2.1438593370740477,-6.987137757738452,-7.890646591312126,-0.9035088335736736,32.06599964516488,29.952389296718593
ssp126,paper_qm,B,1994-2014,late_century,2080-2100,wpd,W m-2,equal-weight 17-model ensemble of native-grid intersection-area-weighted period means,30.682940732056743,28.692448933199387,-1.9904917988573558,-6.487291476523114,-5.988075562650119,0.49921591387299546,32.06599964516488,30.162414514447516
ssp126,optimized,D,1994-2014,mid_century,2040-2060,pvpot,W m-2,equal-weight 17-model ensemble of native-grid intersection-area-weighted period means,200.02716724506317,202.91838277478226,2.8912155297190907,1.4454114256274597,1.992880083212955,0.5474686575854952,199.84655541652262,202.73987918522894
ssp126,optimized,D,1994-2014,late_century,2080-2100,pvpot,W m-2,equal-weight 17-model ensemble of native-grid intersection-area-weighted period means,200.02716724506317,203.9688509342607,3.941683689197532,1.9705741692419114,2.5979994201824312,0.6274252509405198,199.84655541652262,203.7952133479661
ssp126,optimized,D,1994-2014,mid_century,2040-2060,wpd,W m-2,equal-weight 17-model ensemble of native-grid intersection-area-weighted period means,30.682940732056743,29.561033025136012,-1.1219077069207302,-3.656454303770792,-3.590404883846963,0.06604941992382907,32.06599964516488,30.965203994489485
ssp126,optimized,D,1994-2014,late_century,2080-2100,wpd,W m-2,equal-weight 17-model ensemble of native-grid intersection-area-weighted period means,30.682940732056743,29.739687447609338,-0.9432532844474046,-3.0741945261521755,-2.243277990308348,0.8309165358438273,32.06599964516488,31.187836463507647
ssp245,paper_qm,B,1994-2014,mid_century,2040-2060,pvpot,W m-2,equal-weight 17-model ensemble of native-grid intersection-area-weighted period means,200.02716724506317,199.79813961131234,-0.22902763375083168,-0.11449826386344741,0.24858363462743702,0.36308189849088446,199.84655541652262,199.61754731136364
ssp245,paper_qm,B,1994-2014,late_century,2080-2100,pvpot,W m-2,equal-weight 17-model ensemble of native-grid intersection-area-weighted period means,200.02716724506317,201.1073601730739,1.0801929280107174,0.5400231093046074,1.166568004751586,0.6265448954469787,199.84655541652262,200.93098793029682
ssp245,paper_qm,B,1994-2014,mid_century,2040-2060,wpd,W m-2,equal-weight 17-model ensemble of native-grid intersection-area-weighted period means,30.682940732056743,28.902077483073512,-1.7808632489832306,-5.804082680779782,-4.544386580477612,1.25969610030217,32.06599964516488,30.318456947947695
ssp245,paper_qm,B,1994-2014,late_century,2080-2100,wpd,W m-2,equal-weight 17-model ensemble of native-grid intersection-area-weighted period means,30.682940732056743,28.180017001191526,-2.5029237308652164,-8.157378892467849,-6.061045419224115,2.0963334732437335,32.06599964516488,29.596809984771916
ssp245,optimized,D,1994-2014,mid_century,2040-2060,pvpot,W m-2,equal-weight 17-model ensemble of native-grid intersection-area-weighted period means,200.02716724506317,199.8320415986535,-0.19512564640967867,-0.09754957243913803,0.25371493562380165,0.3512645080629397,199.84655541652262,199.65087047809047
ssp245,optimized,D,1994-2014,late_century,2080-2100,pvpot,W m-2,equal-weight 17-model ensemble of native-grid intersection-area-weighted period means,200.02716724506317,201.12867899379174,1.1015117487285693,0.5506810719261213,1.1625509995566012,0.61186992763048,199.84655541652262,200.95146577037067
ssp245,optimized,D,1994-2014,mid_century,2040-2060,wpd,W m-2,equal-weight 17-model ensemble of native-grid intersection-area-weighted period means,30.682940732056743,29.8449543771301,-0.8379863549266418,-2.731114863612585,-1.7896200315732136,0.9414948320393712,32.06599964516488,31.25862200556675
ssp245,optimized,D,1994-2014,late_century,2080-2100,wpd,W m-2,equal-weight 17-model ensemble of native-grid intersection-area-weighted period means,30.682940732056743,29.313605069556097,-1.3693356625006459,-4.462856655294449,-3.00945920604213,1.4533974492523192,32.06599964516488,30.72662660817595
ssp585,paper_qm,B,1994-2014,mid_century,2040-2060,pvpot,W m-2,equal-weight 17-model ensemble of native-grid intersection-area-weighted period means,200.02716724506317,199.43295621843242,-0.5942110266307452,-0.29706516110521525,0.12102362848886275,0.418088789594078,199.84655541652262,199.2565272794838
ssp585,paper_qm,B,1994-2014,late_century,2080-2100,pvpot,W m-2,equal-weight 17-model ensemble of native-grid intersection-area-weighted period means,200.02716724506317,198.09268091355958,-1.9344863315035923,-0.9671117969358419,-0.13653458842444507,0.8305772085113968,199.84655541652262,197.92320074859853
ssp585,paper_qm,B,1994-2014,mid_century,2040-2060,wpd,W m-2,equal-weight 17-model ensemble of native-grid intersection-area-weighted period means,30.682940732056743,29.08722032750674,-1.5957204045500042,-5.200676227500049,-3.9640641199261957,1.236612107573853,32.06599964516488,30.49911531152526
ssp585,paper_qm,B,1994-2014,late_century,2080-2100,wpd,W m-2,equal-weight 17-model ensemble of native-grid intersection-area-weighted period means,30.682940732056743,27.784031764436016,-2.898908967620727,-9.447950223988869,-6.9354564428470376,2.5124937811418313,32.06599964516488,29.16906741444025
ssp585,optimized,D,1994-2014,mid_century,2040-2060,pvpot,W m-2,equal-weight 17-model ensemble of native-grid intersection-area-weighted period means,200.02716724506317,199.45082286325672,-0.5763443818064502,-0.2881330519970531,0.11548852662592202,0.4036215786229751,199.84655541652262,199.27376832240716
ssp585,optimized,D,1994-2014,late_century,2080-2100,pvpot,W m-2,equal-weight 17-model ensemble of native-grid intersection-area-weighted period means,200.02716724506317,198.09731305342927,-1.9298541916338934,-0.9647960415644609,-0.15162815447197436,0.8131678870924866,199.84655541652262,197.9270836543289
ssp585,optimized,D,1994-2014,mid_century,2040-2060,wpd,W m-2,equal-weight 17-model ensemble of native-grid intersection-area-weighted period means,30.682940732056743,29.86131336856754,-0.8216273634892026,-2.677798619969916,-1.5609584475652232,1.1168401724046928,32.06599964516488,31.272155875505533
ssp585,optimized,D,1994-2014,late_century,2080-2100,wpd,W m-2,equal-weight 17-model ensemble of native-grid intersection-area-weighted period means,30.682940732056743,28.815021646760105,-1.8679190852966379,-6.087809840681549,-4.117964092186887,1.969845748494662,32.06599964516488,30.203701109295213
