model,experiment,variable,filename,status,lat_name,lon_name,lat_ndim,lon_ndim,lat_size,lon_size,lat_min,lat_max,lon_min,lon_max,lat_resolution,lon_resolution,lat_direction,lon_direction,lat_regular,lon_regular,lon_convention,grid_signature,error_type,error_message
ACCESS-CM2,historical,rsds,rsds_Amon_ACCESS-CM2_historical_r1i1p1f1_199401-201412.nc,OK_1D,lat,lon,1,1,144,192,-89.375,89.375,0.9375,359.0625,1.25,1.875,ascending,ascending,True,True,0_to_360,"((144,), (192,), -89.375, 89.375, 0.9375, 359.0625, 1.25, 1.875)",,
ACCESS-CM2,historical,sfcWind,sfcWind_Amon_ACCESS-CM2_historical_r1i1p1f1_199401-201412.nc,OK_1D,lat,lon,1,1,144,192,-89.375,89.375,0.9375,359.0625,1.25,1.875,ascending,ascending,True,True,0_to_360,"((144,), (192,), -89.375, 89.375, 0.9375, 359.0625, 1.25, 1.875)",,
ACCESS-CM2,historical,tas,tas_Amon_ACCESS-CM2_historical_r1i1p1f1_199401-201412.nc,OK_1D,lat,lon,1,1,144,192,-89.375,89.375,0.9375,359.0625,1.25,1.875,ascending,ascending,True,True,0_to_360,"((144,), (192,), -89.375, 89.375, 0.9375, 359.0625, 1.25, 1.875)",,
ACCESS-CM2,ssp126,rsds,rsds_Amon_ACCESS-CM2_ssp126_r1i1p1f1_204001-210012.nc,OK_1D,lat,lon,1,1,144,192,-89.375,89.375,0.9375,359.0625,1.25,1.875,ascending,ascending,True,True,0_to_360,"((144,), (192,), -89.375, 89.375, 0.9375, 359.0625, 1.25, 1.875)",,
ACCESS-CM2,ssp126,sfcWind,sfcWind_Amon_ACCESS-CM2_ssp126_r1i1p1f1_204001-210012.nc,OK_1D,lat,lon,1,1,144,192,-89.375,89.375,0.9375,359.0625,1.25,1.875,ascending,ascending,True,True,0_to_360,"((144,), (192,), -89.375, 89.375, 0.9375, 359.0625, 1.25, 1.875)",,
ACCESS-CM2,ssp126,tas,tas_Amon_ACCESS-CM2_ssp126_r1i1p1f1_204001-210012.nc,OK_1D,lat,lon,1,1,144,192,-89.375,89.375,0.9375,359.0625,1.25,1.875,ascending,ascending,True,True,0_to_360,"((144,), (192,), -89.375, 89.375, 0.9375, 359.0625, 1.25, 1.875)",,
ACCESS-CM2,ssp245,rsds,rsds_Amon_ACCESS-CM2_ssp245_r1i1p1f1_204001-210012.nc,OK_1D,lat,lon,1,1,144,192,-89.375,89.375,0.9375,359.0625,1.25,1.875,ascending,ascending,True,True,0_to_360,"((144,), (192,), -89.375, 89.375, 0.9375, 359.0625, 1.25, 1.875)",,
ACCESS-CM2,ssp245,sfcWind,sfcWind_Amon_ACCESS-CM2_ssp245_r1i1p1f1_204001-210012.nc,OK_1D,lat,lon,1,1,144,192,-89.375,89.375,0.9375,359.0625,1.25,1.875,ascending,ascending,True,True,0_to_360,"((144,), (192,), -89.375, 89.375, 0.9375, 359.0625, 1.25, 1.875)",,
ACCESS-CM2,ssp245,tas,tas_Amon_ACCESS-CM2_ssp245_r1i1p1f1_204001-210012.nc,OK_1D,lat,lon,1,1,144,192,-89.375,89.375,0.9375,359.0625,1.25,1.875,ascending,ascending,True,True,0_to_360,"((144,), (192,), -89.375, 89.375, 0.9375, 359.0625, 1.25, 1.875)",,
ACCESS-CM2,ssp585,rsds,rsds_Amon_ACCESS-CM2_ssp585_r1i1p1f1_204001-210012.nc,OK_1D,lat,lon,1,1,144,192,-89.375,89.375,0.9375,359.0625,1.25,1.875,ascending,ascending,True,True,0_to_360,"((144,), (192,), -89.375, 89.375, 0.9375, 359.0625, 1.25, 1.875)",,
ACCESS-CM2,ssp585,sfcWind,sfcWind_Amon_ACCESS-CM2_ssp585_r1i1p1f1_204001-210012.nc,OK_1D,lat,lon,1,1,144,192,-89.375,89.375,0.9375,359.0625,1.25,1.875,ascending,ascending,True,True,0_to_360,"((144,), (192,), -89.375, 89.375, 0.9375, 359.0625, 1.25, 1.875)",,
ACCESS-CM2,ssp585,tas,tas_Amon_ACCESS-CM2_ssp585_r1i1p1f1_204001-210012.nc,OK_1D,lat,lon,1,1,144,192,-89.375,89.375,0.9375,359.0625,1.25,1.875,ascending,ascending,True,True,0_to_360,"((144,), (192,), -89.375, 89.375, 0.9375, 359.0625, 1.25, 1.875)",,
ACCESS-ESM1-5,historical,rsds,rsds_Amon_ACCESS-ESM1-5_historical_r1i1p1f1_199401-201412.nc,OK_1D,lat,lon,1,1,145,192,-90.0,90.0,0.0,358.125,1.25,1.875,ascending,ascending,True,True,0_to_360,"((145,), (192,), -90.0, 90.0, 0.0, 358.125, 1.25, 1.875)",,
ACCESS-ESM1-5,historical,sfcWind,sfcWind_Amon_ACCESS-ESM1-5_historical_r1i1p1f1_199401-201412.nc,OK_1D,lat,lon,1,1,145,192,-90.0,90.0,0.0,358.125,1.25,1.875,ascending,ascending,True,True,0_to_360,"((145,), (192,), -90.0, 90.0, 0.0, 358.125, 1.25, 1.875)",,
ACCESS-ESM1-5,historical,tas,tas_Amon_ACCESS-ESM1-5_historical_r1i1p1f1_199401-201412.nc,OK_1D,lat,lon,1,1,145,192,-90.0,90.0,0.0,358.125,1.25,1.875,ascending,ascending,True,True,0_to_360,"((145,), (192,), -90.0, 90.0, 0.0, 358.125, 1.25, 1.875)",,
ACCESS-ESM1-5,ssp126,rsds,rsds_Amon_ACCESS-ESM1-5_ssp126_r1i1p1f1_204001-210012.nc,OK_1D,lat,lon,1,1,145,192,-90.0,90.0,0.0,358.125,1.25,1.875,ascending,ascending,True,True,0_to_360,"((145,), (192,), -90.0, 90.0, 0.0, 358.125, 1.25, 1.875)",,
ACCESS-ESM1-5,ssp126,sfcWind,sfcWind_Amon_ACCESS-ESM1-5_ssp126_r1i1p1f1_204001-210012.nc,OK_1D,lat,lon,1,1,145,192,-90.0,90.0,0.0,358.125,1.25,1.875,ascending,ascending,True,True,0_to_360,"((145,), (192,), -90.0, 90.0, 0.0, 358.125, 1.25, 1.875)",,
ACCESS-ESM1-5,ssp126,tas,tas_Amon_ACCESS-ESM1-5_ssp126_r1i1p1f1_204001-210012.nc,OK_1D,lat,lon,1,1,145,192,-90.0,90.0,0.0,358.125,1.25,1.875,ascending,ascending,True,True,0_to_360,"((145,), (192,), -90.0, 90.0, 0.0, 358.125, 1.25, 1.875)",,
ACCESS-ESM1-5,ssp245,rsds,rsds_Amon_ACCESS-ESM1-5_ssp245_r1i1p1f1_204001-210012.nc,OK_1D,lat,lon,1,1,145,192,-90.0,90.0,0.0,358.125,1.25,1.875,ascending,ascending,True,True,0_to_360,"((145,), (192,), -90.0, 90.0, 0.0, 358.125, 1.25, 1.875)",,
ACCESS-ESM1-5,ssp245,sfcWind,sfcWind_Amon_ACCESS-ESM1-5_ssp245_r1i1p1f1_204001-210012.nc,OK_1D,lat,lon,1,1,145,192,-90.0,90.0,0.0,358.125,1.25,1.875,ascending,ascending,True,True,0_to_360,"((145,), (192,), -90.0, 90.0, 0.0, 358.125, 1.25, 1.875)",,
ACCESS-ESM1-5,ssp245,tas,tas_Amon_ACCESS-ESM1-5_ssp245_r1i1p1f1_204001-210012.nc,OK_1D,lat,lon,1,1,145,192,-90.0,90.0,0.0,358.125,1.25,1.875,ascending,ascending,True,True,0_to_360,"((145,), (192,), -90.0, 90.0, 0.0, 358.125, 1.25, 1.875)",,
ACCESS-ESM1-5,ssp585,rsds,rsds_Amon_ACCESS-ESM1-5_ssp585_r1i1p1f1_204001-210012.nc,OK_1D,lat,lon,1,1,145,192,-90.0,90.0,0.0,358.125,1.25,1.875,ascending,ascending,True,True,0_to_360,"((145,), (192,), -90.0, 90.0, 0.0, 358.125, 1.25, 1.875)",,
ACCESS-ESM1-5,ssp585,sfcWind,sfcWind_Amon_ACCESS-ESM1-5_ssp585_r1i1p1f1_204001-210012.nc,OK_1D,lat,lon,1,1,145,192,-90.0,90.0,0.0,358.125,1.25,1.875,ascending,ascending,True,True,0_to_360,"((145,), (192,), -90.0, 90.0, 0.0, 358.125, 1.25, 1.875)",,
ACCESS-ESM1-5,ssp585,tas,tas_Amon_ACCESS-ESM1-5_ssp585_r1i1p1f1_204001-210012.nc,OK_1D,lat,lon,1,1,145,192,-90.0,90.0,0.0,358.125,1.25,1.875,ascending,ascending,True,True,0_to_360,"((145,), (192,), -90.0, 90.0, 0.0, 358.125, 1.25, 1.875)",,
AWI-CM-1-1-MR,historical,rsds,rsds_Amon_AWI-CM-1-1-MR_historical_r1i1p1f1_199401-201412.nc,OK_1D,lat,lon,1,1,192,384,-89.28422753251365,89.28422753251365,0.0,359.0625,0.9350586521707456,0.9375,ascending,ascending,False,True,0_to_360,"((192,), (384,), -89.28422753251365, 89.28422753251365, 0.0, 359.0625, 0.9350586521707456, 0.9375)",,
AWI-CM-1-1-MR,historical,sfcWind,sfcWind_Amon_AWI-CM-1-1-MR_historical_r1i1p1f1_199401-201412.nc,OK_1D,lat,lon,1,1,192,384,-89.28422753251365,89.28422753251365,0.0,359.0625,0.9350586521707456,0.9375,ascending,ascending,False,True,0_to_360,"((192,), (384,), -89.28422753251365, 89.28422753251365, 0.0, 359.0625, 0.9350586521707456, 0.9375)",,
AWI-CM-1-1-MR,historical,tas,tas_Amon_AWI-CM-1-1-MR_historical_r1i1p1f1_199401-201412.nc,OK_1D,lat,lon,1,1,192,384,-89.28422753251365,89.28422753251365,0.0,359.0625,0.9350586521707456,0.9375,ascending,ascending,False,True,0_to_360,"((192,), (384,), -89.28422753251365, 89.28422753251365, 0.0, 359.0625, 0.9350586521707456, 0.9375)",,
AWI-CM-1-1-MR,ssp126,rsds,rsds_Amon_AWI-CM-1-1-MR_ssp126_r1i1p1f1_204001-210012.nc,OK_1D,lat,lon,1,1,192,384,-89.28422753251365,89.28422753251365,0.0,359.0625,0.9350586521707456,0.9375,ascending,ascending,False,True,0_to_360,"((192,), (384,), -89.28422753251365, 89.28422753251365, 0.0, 359.0625, 0.9350586521707456, 0.9375)",,
AWI-CM-1-1-MR,ssp126,sfcWind,sfcWind_Amon_AWI-CM-1-1-MR_ssp126_r1i1p1f1_204001-210012.nc,OK_1D,lat,lon,1,1,192,384,-89.28422753251365,89.28422753251365,0.0,359.0625,0.9350586521707456,0.9375,ascending,ascending,False,True,0_to_360,"((192,), (384,), -89.28422753251365, 89.28422753251365, 0.0, 359.0625, 0.9350586521707456, 0.9375)",,
AWI-CM-1-1-MR,ssp126,tas,tas_Amon_AWI-CM-1-1-MR_ssp126_r1i1p1f1_204001-210012.nc,OK_1D,lat,lon,1,1,192,384,-89.28422753251365,89.28422753251365,0.0,359.0625,0.9350586521707456,0.9375,ascending,ascending,False,True,0_to_360,"((192,), (384,), -89.28422753251365, 89.28422753251365, 0.0, 359.0625, 0.9350586521707456, 0.9375)",,
AWI-CM-1-1-MR,ssp245,rsds,rsds_Amon_AWI-CM-1-1-MR_ssp245_r1i1p1f1_204001-210012.nc,OK_1D,lat,lon,1,1,192,384,-89.28422753251365,89.28422753251365,0.0,359.0625,0.9350586521707456,0.9375,ascending,ascending,False,True,0_to_360,"((192,), (384,), -89.28422753251365, 89.28422753251365, 0.0, 359.0625, 0.9350586521707456, 0.9375)",,
AWI-CM-1-1-MR,ssp245,sfcWind,sfcWind_Amon_AWI-CM-1-1-MR_ssp245_r1i1p1f1_204001-210012.nc,OK_1D,lat,lon,1,1,192,384,-89.28422753251365,89.28422753251365,0.0,359.0625,0.9350586521707456,0.9375,ascending,ascending,False,True,0_to_360,"((192,), (384,), -89.28422753251365, 89.28422753251365, 0.0, 359.0625, 0.9350586521707456, 0.9375)",,
AWI-CM-1-1-MR,ssp245,tas,tas_Amon_AWI-CM-1-1-MR_ssp245_r1i1p1f1_204001-210012.nc,OK_1D,lat,lon,1,1,192,384,-89.28422753251365,89.28422753251365,0.0,359.0625,0.9350586521707456,0.9375,ascending,ascending,False,True,0_to_360,"((192,), (384,), -89.28422753251365, 89.28422753251365, 0.0, 359.0625, 0.9350586521707456, 0.9375)",,
AWI-CM-1-1-MR,ssp585,rsds,rsds_Amon_AWI-CM-1-1-MR_ssp585_r1i1p1f1_204001-210012.nc,OK_1D,lat,lon,1,1,192,384,-89.28422753251365,89.28422753251365,0.0,359.0625,0.9350586521707456,0.9375,ascending,ascending,False,True,0_to_360,"((192,), (384,), -89.28422753251365, 89.28422753251365, 0.0, 359.0625, 0.9350586521707456, 0.9375)",,
AWI-CM-1-1-MR,ssp585,sfcWind,sfcWind_Amon_AWI-CM-1-1-MR_ssp585_r1i1p1f1_204001-210012.nc,OK_1D,lat,lon,1,1,192,384,-89.28422753251365,89.28422753251365,0.0,359.0625,0.9350586521707456,0.9375,ascending,ascending,False,True,0_to_360,"((192,), (384,), -89.28422753251365, 89.28422753251365, 0.0, 359.0625, 0.9350586521707456, 0.9375)",,
AWI-CM-1-1-MR,ssp585,tas,tas_Amon_AWI-CM-1-1-MR_ssp585_r1i1p1f1_204001-210012.nc,OK_1D,lat,lon,1,1,192,384,-89.28422753251365,89.28422753251365,0.0,359.0625,0.9350586521707456,0.9375,ascending,ascending,False,True,0_to_360,"((192,), (384,), -89.28422753251365, 89.28422753251365, 0.0, 359.0625, 0.9350586521707456, 0.9375)",,
BCC-CSM2-MR,historical,rsds,rsds_Amon_BCC-CSM2-MR_historical_r1i1p1f1_199401-201412.nc,OK_1D,lat,lon,1,1,160,320,-89.14151942646112,89.14151942646112,0.0,358.875,1.121484495854304,1.125,ascending,ascending,False,True,0_to_360,"((160,), (320,), -89.14151942646112, 89.14151942646112, 0.0, 358.875, 1.121484495854304, 1.125)",,
BCC-CSM2-MR,historical,sfcWind,sfcWind_Amon_BCC-CSM2-MR_historical_r1i1p1f1_199401-201412.nc,OK_1D,lat,lon,1,1,160,320,-89.14151942646112,89.14151942646112,0.0,358.875,1.121484495854304,1.125,ascending,ascending,False,True,0_to_360,"((160,), (320,), -89.14151942646112, 89.14151942646112, 0.0, 358.875, 1.121484495854304, 1.125)",,
BCC-CSM2-MR,historical,tas,tas_Amon_BCC-CSM2-MR_historical_r1i1p1f1_199401-201412.nc,OK_1D,lat,lon,1,1,160,320,-89.14151942646112,89.14151942646112,0.0,358.875,1.121484495854304,1.125,ascending,ascending,False,True,0_to_360,"((160,), (320,), -89.14151942646112, 89.14151942646112, 0.0, 358.875, 1.121484495854304, 1.125)",,
BCC-CSM2-MR,ssp126,rsds,rsds_Amon_BCC-CSM2-MR_ssp126_r1i1p1f1_204001-210012.nc,OK_1D,lat,lon,1,1,160,320,-89.14151942646112,89.14151942646112,0.0,358.875,1.121484495854304,1.125,ascending,ascending,False,True,0_to_360,"((160,), (320,), -89.14151942646112, 89.14151942646112, 0.0, 358.875, 1.121484495854304, 1.125)",,
BCC-CSM2-MR,ssp126,sfcWind,sfcWind_Amon_BCC-CSM2-MR_ssp126_r1i1p1f1_204001-210012.nc,OK_1D,lat,lon,1,1,160,320,-89.14151942646112,89.14151942646112,0.0,358.875,1.121484495854304,1.125,ascending,ascending,False,True,0_to_360,"((160,), (320,), -89.14151942646112, 89.14151942646112, 0.0, 358.875, 1.121484495854304, 1.125)",,
BCC-CSM2-MR,ssp126,tas,tas_Amon_BCC-CSM2-MR_ssp126_r1i1p1f1_204001-210012.nc,OK_1D,lat,lon,1,1,160,320,-89.14151942646112,89.14151942646112,0.0,358.875,1.121484495854304,1.125,ascending,ascending,False,True,0_to_360,"((160,), (320,), -89.14151942646112, 89.14151942646112, 0.0, 358.875, 1.121484495854304, 1.125)",,
BCC-CSM2-MR,ssp245,rsds,rsds_Amon_BCC-CSM2-MR_ssp245_r1i1p1f1_204001-210012.nc,OK_1D,lat,lon,1,1,160,320,-89.14151942646112,89.14151942646112,0.0,358.875,1.121484495854304,1.125,ascending,ascending,False,True,0_to_360,"((160,), (320,), -89.14151942646112, 89.14151942646112, 0.0, 358.875, 1.121484495854304, 1.125)",,
BCC-CSM2-MR,ssp245,sfcWind,sfcWind_Amon_BCC-CSM2-MR_ssp245_r1i1p1f1_204001-210012.nc,OK_1D,lat,lon,1,1,160,320,-89.14151942646112,89.14151942646112,0.0,358.875,1.121484495854304,1.125,ascending,ascending,False,True,0_to_360,"((160,), (320,), -89.14151942646112, 89.14151942646112, 0.0, 358.875, 1.121484495854304, 1.125)",,
BCC-CSM2-MR,ssp245,tas,tas_Amon_BCC-CSM2-MR_ssp245_r1i1p1f1_204001-210012.nc,OK_1D,lat,lon,1,1,160,320,-89.14151942646112,89.14151942646112,0.0,358.875,1.121484495854304,1.125,ascending,ascending,False,True,0_to_360,"((160,), (320,), -89.14151942646112, 89.14151942646112, 0.0, 358.875, 1.121484495854304, 1.125)",,
BCC-CSM2-MR,ssp585,rsds,rsds_Amon_BCC-CSM2-MR_ssp585_r1i1p1f1_204001-210012.nc,OK_1D,lat,lon,1,1,160,320,-89.14151942646112,89.14151942646112,0.0,358.875,1.121484495854304,1.125,ascending,ascending,False,True,0_to_360,"((160,), (320,), -89.14151942646112, 89.14151942646112, 0.0, 358.875, 1.121484495854304, 1.125)",,
BCC-CSM2-MR,ssp585,sfcWind,sfcWind_Amon_BCC-CSM2-MR_ssp585_r1i1p1f1_204001-210012.nc,OK_1D,lat,lon,1,1,160,320,-89.14151942646112,89.14151942646112,0.0,358.875,1.121484495854304,1.125,ascending,ascending,False,True,0_to_360,"((160,), (320,), -89.14151942646112, 89.14151942646112, 0.0, 358.875, 1.121484495854304, 1.125)",,
BCC-CSM2-MR,ssp585,tas,tas_Amon_BCC-CSM2-MR_ssp585_r1i1p1f1_204001-210012.nc,OK_1D,lat,lon,1,1,160,320,-89.14151942646112,89.14151942646112,0.0,358.875,1.121484495854304,1.125,ascending,ascending,False,True,0_to_360,"((160,), (320,), -89.14151942646112, 89.14151942646112, 0.0, 358.875, 1.121484495854304, 1.125)",,
CanESM5,historical,rsds,rsds_Amon_CanESM5_historical_r1i1p1f1_199401-201412.nc,OK_1D,lat,lon,1,1,64,128,-87.86379883923273,87.86379883923273,0.0,357.1875,2.7905319657507377,2.8125,ascending,ascending,False,True,0_to_360,"((64,), (128,), -87.86379883923273, 87.86379883923273, 0.0, 357.1875, 2.7905319657507377, 2.8125)",,
CanESM5,historical,sfcWind,sfcWind_Amon_CanESM5_historical_r1i1p1f1_199401-201412.nc,OK_1D,lat,lon,1,1,64,128,-87.86379883923273,87.86379883923273,0.0,357.1875,2.7905319657507377,2.8125,ascending,ascending,False,True,0_to_360,"((64,), (128,), -87.86379883923273, 87.86379883923273, 0.0, 357.1875, 2.7905319657507377, 2.8125)",,
CanESM5,historical,tas,tas_Amon_CanESM5_historical_r1i1p1f1_199401-201412.nc,OK_1D,lat,lon,1,1,64,128,-87.86379883923273,87.86379883923273,0.0,357.1875,2.7905319657507377,2.8125,ascending,ascending,False,True,0_to_360,"((64,), (128,), -87.86379883923273, 87.86379883923273, 0.0, 357.1875, 2.7905319657507377, 2.8125)",,
CanESM5,ssp126,rsds,rsds_Amon_CanESM5_ssp126_r1i1p1f1_204001-210012.nc,OK_1D,lat,lon,1,1,64,128,-87.86379883923273,87.86379883923273,0.0,357.1875,2.7905319657507377,2.8125,ascending,ascending,False,True,0_to_360,"((64,), (128,), -87.86379883923273, 87.86379883923273, 0.0, 357.1875, 2.7905319657507377, 2.8125)",,
CanESM5,ssp126,sfcWind,sfcWind_Amon_CanESM5_ssp126_r1i1p1f1_204001-210012.nc,OK_1D,lat,lon,1,1,64,128,-87.86379883923273,87.86379883923273,0.0,357.1875,2.7905319657507377,2.8125,ascending,ascending,False,True,0_to_360,"((64,), (128,), -87.86379883923273, 87.86379883923273, 0.0, 357.1875, 2.7905319657507377, 2.8125)",,
CanESM5,ssp126,tas,tas_Amon_CanESM5_ssp126_r1i1p1f1_204001-210012.nc,OK_1D,lat,lon,1,1,64,128,-87.86379883923273,87.86379883923273,0.0,357.1875,2.7905319657507377,2.8125,ascending,ascending,False,True,0_to_360,"((64,), (128,), -87.86379883923273, 87.86379883923273, 0.0, 357.1875, 2.7905319657507377, 2.8125)",,
CanESM5,ssp245,rsds,rsds_Amon_CanESM5_ssp245_r1i1p1f1_204001-210012.nc,OK_1D,lat,lon,1,1,64,128,-87.86379883923273,87.86379883923273,0.0,357.1875,2.7905319657507377,2.8125,ascending,ascending,False,True,0_to_360,"((64,), (128,), -87.86379883923273, 87.86379883923273, 0.0, 357.1875, 2.7905319657507377, 2.8125)",,
CanESM5,ssp245,sfcWind,sfcWind_Amon_CanESM5_ssp245_r1i1p1f1_204001-210012.nc,OK_1D,lat,lon,1,1,64,128,-87.86379883923273,87.86379883923273,0.0,357.1875,2.7905319657507377,2.8125,ascending,ascending,False,True,0_to_360,"((64,), (128,), -87.86379883923273, 87.86379883923273, 0.0, 357.1875, 2.7905319657507377, 2.8125)",,
CanESM5,ssp245,tas,tas_Amon_CanESM5_ssp245_r1i1p1f1_204001-210012.nc,OK_1D,lat,lon,1,1,64,128,-87.86379883923273,87.86379883923273,0.0,357.1875,2.7905319657507377,2.8125,ascending,ascending,False,True,0_to_360,"((64,), (128,), -87.86379883923273, 87.86379883923273, 0.0, 357.1875, 2.7905319657507377, 2.8125)",,
CanESM5,ssp585,rsds,rsds_Amon_CanESM5_ssp585_r1i1p1f1_204001-210012.nc,OK_1D,lat,lon,1,1,64,128,-87.86379883923273,87.86379883923273,0.0,357.1875,2.7905319657507377,2.8125,ascending,ascending,False,True,0_to_360,"((64,), (128,), -87.86379883923273, 87.86379883923273, 0.0, 357.1875, 2.7905319657507377, 2.8125)",,
CanESM5,ssp585,sfcWind,sfcWind_Amon_CanESM5_ssp585_r1i1p1f1_204001-210012.nc,OK_1D,lat,lon,1,1,64,128,-87.86379883923273,87.86379883923273,0.0,357.1875,2.7905319657507377,2.8125,ascending,ascending,False,True,0_to_360,"((64,), (128,), -87.86379883923273, 87.86379883923273, 0.0, 357.1875, 2.7905319657507377, 2.8125)",,
CanESM5,ssp585,tas,tas_Amon_CanESM5_ssp585_r1i1p1f1_204001-210012.nc,OK_1D,lat,lon,1,1,64,128,-87.86379883923273,87.86379883923273,0.0,357.1875,2.7905319657507377,2.8125,ascending,ascending,False,True,0_to_360,"((64,), (128,), -87.86379883923273, 87.86379883923273, 0.0, 357.1875, 2.7905319657507377, 2.8125)",,
CESM2-WACCM,historical,rsds,rsds_Amon_CESM2-WACCM_historical_r1i1p1f1_199401-201412.nc,OK_1D,lat,lon,1,1,192,288,-90.0,90.0,0.0,358.75,0.9424083769633569,1.25,ascending,ascending,True,True,0_to_360,"((192,), (288,), -90.0, 90.0, 0.0, 358.75, 0.9424083769633569, 1.25)",,
CESM2-WACCM,historical,sfcWind,sfcWind_Amon_CESM2-WACCM_historical_r1i1p1f1_199401-201412.nc,OK_1D,lat,lon,1,1,192,288,-90.0,90.0,0.0,358.75,0.9424083769633569,1.25,ascending,ascending,True,True,0_to_360,"((192,), (288,), -90.0, 90.0, 0.0, 358.75, 0.9424083769633569, 1.25)",,
CESM2-WACCM,historical,tas,tas_Amon_CESM2-WACCM_historical_r1i1p1f1_199401-201412.nc,OK_1D,lat,lon,1,1,192,288,-90.0,90.0,0.0,358.75,0.9424083769633569,1.25,ascending,ascending,True,True,0_to_360,"((192,), (288,), -90.0, 90.0, 0.0, 358.75, 0.9424083769633569, 1.25)",,
CESM2-WACCM,ssp126,rsds,rsds_Amon_CESM2-WACCM_ssp126_r1i1p1f1_204001-210012.nc,OK_1D,lat,lon,1,1,192,288,-90.0,90.0,0.0,358.75,0.9424083769633569,1.25,ascending,ascending,True,True,0_to_360,"((192,), (288,), -90.0, 90.0, 0.0, 358.75, 0.9424083769633569, 1.25)",,
CESM2-WACCM,ssp126,sfcWind,sfcWind_Amon_CESM2-WACCM_ssp126_r1i1p1f1_204001-210012.nc,OK_1D,lat,lon,1,1,192,288,-90.0,90.0,0.0,358.75,0.9424083769633569,1.25,ascending,ascending,True,True,0_to_360,"((192,), (288,), -90.0, 90.0, 0.0, 358.75, 0.9424083769633569, 1.25)",,
CESM2-WACCM,ssp126,tas,tas_Amon_CESM2-WACCM_ssp126_r1i1p1f1_204001-210012.nc,OK_1D,lat,lon,1,1,192,288,-90.0,90.0,0.0,358.75,0.9424083769633569,1.25,ascending,ascending,True,True,0_to_360,"((192,), (288,), -90.0, 90.0, 0.0, 358.75, 0.9424083769633569, 1.25)",,
CESM2-WACCM,ssp245,rsds,rsds_Amon_CESM2-WACCM_ssp245_r1i1p1f1_204001-210012.nc,OK_1D,lat,lon,1,1,192,288,-90.0,90.0,0.0,358.75,0.9424083769633569,1.25,ascending,ascending,True,True,0_to_360,"((192,), (288,), -90.0, 90.0, 0.0, 358.75, 0.9424083769633569, 1.25)",,
CESM2-WACCM,ssp245,sfcWind,sfcWind_Amon_CESM2-WACCM_ssp245_r1i1p1f1_204001-210012.nc,OK_1D,lat,lon,1,1,192,288,-90.0,90.0,0.0,358.75,0.9424083769633569,1.25,ascending,ascending,True,True,0_to_360,"((192,), (288,), -90.0, 90.0, 0.0, 358.75, 0.9424083769633569, 1.25)",,
CESM2-WACCM,ssp245,tas,tas_Amon_CESM2-WACCM_ssp245_r1i1p1f1_204001-210012.nc,OK_1D,lat,lon,1,1,192,288,-90.0,90.0,0.0,358.75,0.9424083769633569,1.25,ascending,ascending,True,True,0_to_360,"((192,), (288,), -90.0, 90.0, 0.0, 358.75, 0.9424083769633569, 1.25)",,
CESM2-WACCM,ssp585,rsds,rsds_Amon_CESM2-WACCM_ssp585_r1i1p1f1_204001-210012.nc,OK_1D,lat,lon,1,1,192,288,-90.0,90.0,0.0,358.75,0.9424083769633569,1.25,ascending,ascending,True,True,0_to_360,"((192,), (288,), -90.0, 90.0, 0.0, 358.75, 0.9424083769633569, 1.25)",,
CESM2-WACCM,ssp585,sfcWind,sfcWind_Amon_CESM2-WACCM_ssp585_r1i1p1f1_204001-210012.nc,OK_1D,lat,lon,1,1,192,288,-90.0,90.0,0.0,358.75,0.9424083769633569,1.25,ascending,ascending,True,True,0_to_360,"((192,), (288,), -90.0, 90.0, 0.0, 358.75, 0.9424083769633569, 1.25)",,
CESM2-WACCM,ssp585,tas,tas_Amon_CESM2-WACCM_ssp585_r1i1p1f1_204001-210012.nc,OK_1D,lat,lon,1,1,192,288,-90.0,90.0,0.0,358.75,0.9424083769633569,1.25,ascending,ascending,True,True,0_to_360,"((192,), (288,), -90.0, 90.0, 0.0, 358.75, 0.9424083769633569, 1.25)",,
CMCC-CM2-SR5,historical,rsds,rsds_Amon_CMCC-CM2-SR5_historical_r1i1p1f1_199401-201412.nc,OK_1D,lat,lon,1,1,192,288,-90.0,90.0,0.0,358.75,0.9424083769633569,1.25,ascending,ascending,True,True,0_to_360,"((192,), (288,), -90.0, 90.0, 0.0, 358.75, 0.9424083769633569, 1.25)",,
CMCC-CM2-SR5,historical,sfcWind,sfcWind_Amon_CMCC-CM2-SR5_historical_r1i1p1f1_199401-201412.nc,OK_1D,lat,lon,1,1,192,288,-90.0,90.0,0.0,358.75,0.9424083769633569,1.25,ascending,ascending,True,True,0_to_360,"((192,), (288,), -90.0, 90.0, 0.0, 358.75, 0.9424083769633569, 1.25)",,
CMCC-CM2-SR5,historical,tas,tas_Amon_CMCC-CM2-SR5_historical_r1i1p1f1_199401-201412.nc,OK_1D,lat,lon,1,1,192,288,-90.0,90.0,0.0,358.75,0.9424083769633569,1.25,ascending,ascending,True,True,0_to_360,"((192,), (288,), -90.0, 90.0, 0.0, 358.75, 0.9424083769633569, 1.25)",,
CMCC-CM2-SR5,ssp126,rsds,rsds_Amon_CMCC-CM2-SR5_ssp126_r1i1p1f1_204001-210012.nc,OK_1D,lat,lon,1,1,192,288,-90.0,90.0,0.0,358.75,0.9424083769633569,1.25,ascending,ascending,True,True,0_to_360,"((192,), (288,), -90.0, 90.0, 0.0, 358.75, 0.9424083769633569, 1.25)",,
CMCC-CM2-SR5,ssp126,sfcWind,sfcWind_Amon_CMCC-CM2-SR5_ssp126_r1i1p1f1_204001-210012.nc,OK_1D,lat,lon,1,1,192,288,-90.0,90.0,0.0,358.75,0.9424083769633569,1.25,ascending,ascending,True,True,0_to_360,"((192,), (288,), -90.0, 90.0, 0.0, 358.75, 0.9424083769633569, 1.25)",,
CMCC-CM2-SR5,ssp126,tas,tas_Amon_CMCC-CM2-SR5_ssp126_r1i1p1f1_204001-210012.nc,OK_1D,lat,lon,1,1,192,288,-90.0,90.0,0.0,358.75,0.9424083769633569,1.25,ascending,ascending,True,True,0_to_360,"((192,), (288,), -90.0, 90.0, 0.0, 358.75, 0.9424083769633569, 1.25)",,
CMCC-CM2-SR5,ssp245,rsds,rsds_Amon_CMCC-CM2-SR5_ssp245_r1i1p1f1_204001-210012.nc,OK_1D,lat,lon,1,1,192,288,-90.0,90.0,0.0,358.75,0.9424083769633569,1.25,ascending,ascending,True,True,0_to_360,"((192,), (288,), -90.0, 90.0, 0.0, 358.75, 0.9424083769633569, 1.25)",,
CMCC-CM2-SR5,ssp245,sfcWind,sfcWind_Amon_CMCC-CM2-SR5_ssp245_r1i1p1f1_204001-210012.nc,OK_1D,lat,lon,1,1,192,288,-90.0,90.0,0.0,358.75,0.9424083769633569,1.25,ascending,ascending,True,True,0_to_360,"((192,), (288,), -90.0, 90.0, 0.0, 358.75, 0.9424083769633569, 1.25)",,
CMCC-CM2-SR5,ssp245,tas,tas_Amon_CMCC-CM2-SR5_ssp245_r1i1p1f1_204001-210012.nc,OK_1D,lat,lon,1,1,192,288,-90.0,90.0,0.0,358.75,0.9424083769633569,1.25,ascending,ascending,True,True,0_to_360,"((192,), (288,), -90.0, 90.0, 0.0, 358.75, 0.9424083769633569, 1.25)",,
CMCC-CM2-SR5,ssp585,rsds,rsds_Amon_CMCC-CM2-SR5_ssp585_r1i1p1f1_204001-210012.nc,OK_1D,lat,lon,1,1,192,288,-90.0,90.0,0.0,358.75,0.9424083769633569,1.25,ascending,ascending,True,True,0_to_360,"((192,), (288,), -90.0, 90.0, 0.0, 358.75, 0.9424083769633569, 1.25)",,
CMCC-CM2-SR5,ssp585,sfcWind,sfcWind_Amon_CMCC-CM2-SR5_ssp585_r1i1p1f1_204001-210012.nc,OK_1D,lat,lon,1,1,192,288,-90.0,90.0,0.0,358.75,0.9424083769633569,1.25,ascending,ascending,True,True,0_to_360,"((192,), (288,), -90.0, 90.0, 0.0, 358.75, 0.9424083769633569, 1.25)",,
CMCC-CM2-SR5,ssp585,tas,tas_Amon_CMCC-CM2-SR5_ssp585_r1i1p1f1_204001-210012.nc,OK_1D,lat,lon,1,1,192,288,-90.0,90.0,0.0,358.75,0.9424083769633569,1.25,ascending,ascending,True,True,0_to_360,"((192,), (288,), -90.0, 90.0, 0.0, 358.75, 0.9424083769633569, 1.25)",,
CMCC-ESM2,historical,rsds,rsds_Amon_CMCC-ESM2_historical_r1i1p1f1_199401-201412.nc,OK_1D,lat,lon,1,1,192,288,-90.0,90.0,0.0,358.75,0.9424083769633569,1.25,ascending,ascending,True,True,0_to_360,"((192,), (288,), -90.0, 90.0, 0.0, 358.75, 0.9424083769633569, 1.25)",,
CMCC-ESM2,historical,sfcWind,sfcWind_Amon_CMCC-ESM2_historical_r1i1p1f1_199401-201412.nc,OK_1D,lat,lon,1,1,192,288,-90.0,90.0,0.0,358.75,0.9424083769633569,1.25,ascending,ascending,True,True,0_to_360,"((192,), (288,), -90.0, 90.0, 0.0, 358.75, 0.9424083769633569, 1.25)",,
CMCC-ESM2,historical,tas,tas_Amon_CMCC-ESM2_historical_r1i1p1f1_199401-201412.nc,OK_1D,lat,lon,1,1,192,288,-90.0,90.0,0.0,358.75,0.9424083769633569,1.25,ascending,ascending,True,True,0_to_360,"((192,), (288,), -90.0, 90.0, 0.0, 358.75, 0.9424083769633569, 1.25)",,
CMCC-ESM2,ssp126,rsds,rsds_Amon_CMCC-ESM2_ssp126_r1i1p1f1_204001-210012.nc,OK_1D,lat,lon,1,1,192,288,-90.0,90.0,0.0,358.75,0.9424083769633569,1.25,ascending,ascending,True,True,0_to_360,"((192,), (288,), -90.0, 90.0, 0.0, 358.75, 0.9424083769633569, 1.25)",,
CMCC-ESM2,ssp126,sfcWind,sfcWind_Amon_CMCC-ESM2_ssp126_r1i1p1f1_204001-210012.nc,OK_1D,lat,lon,1,1,192,288,-90.0,90.0,0.0,358.75,0.9424083769633569,1.25,ascending,ascending,True,True,0_to_360,"((192,), (288,), -90.0, 90.0, 0.0, 358.75, 0.9424083769633569, 1.25)",,
CMCC-ESM2,ssp126,tas,tas_Amon_CMCC-ESM2_ssp126_r1i1p1f1_204001-210012.nc,OK_1D,lat,lon,1,1,192,288,-90.0,90.0,0.0,358.75,0.9424083769633569,1.25,ascending,ascending,True,True,0_to_360,"((192,), (288,), -90.0, 90.0, 0.0, 358.75, 0.9424083769633569, 1.25)",,
CMCC-ESM2,ssp245,rsds,rsds_Amon_CMCC-ESM2_ssp245_r1i1p1f1_204001-210012.nc,OK_1D,lat,lon,1,1,192,288,-90.0,90.0,0.0,358.75,0.9424083769633569,1.25,ascending,ascending,True,True,0_to_360,"((192,), (288,), -90.0, 90.0, 0.0, 358.75, 0.9424083769633569, 1.25)",,
CMCC-ESM2,ssp245,sfcWind,sfcWind_Amon_CMCC-ESM2_ssp245_r1i1p1f1_204001-210012.nc,OK_1D,lat,lon,1,1,192,288,-90.0,90.0,0.0,358.75,0.9424083769633569,1.25,ascending,ascending,True,True,0_to_360,"((192,), (288,), -90.0, 90.0, 0.0, 358.75, 0.9424083769633569, 1.25)",,
CMCC-ESM2,ssp245,tas,tas_Amon_CMCC-ESM2_ssp245_r1i1p1f1_204001-210012.nc,OK_1D,lat,lon,1,1,192,288,-90.0,90.0,0.0,358.75,0.9424083769633569,1.25,ascending,ascending,True,True,0_to_360,"((192,), (288,), -90.0, 90.0, 0.0, 358.75, 0.9424083769633569, 1.25)",,
CMCC-ESM2,ssp585,rsds,rsds_Amon_CMCC-ESM2_ssp585_r1i1p1f1_204001-210012.nc,OK_1D,lat,lon,1,1,192,288,-90.0,90.0,0.0,358.75,0.9424083769633569,1.25,ascending,ascending,True,True,0_to_360,"((192,), (288,), -90.0, 90.0, 0.0, 358.75, 0.9424083769633569, 1.25)",,
CMCC-ESM2,ssp585,sfcWind,sfcWind_Amon_CMCC-ESM2_ssp585_r1i1p1f1_204001-210012.nc,OK_1D,lat,lon,1,1,192,288,-90.0,90.0,0.0,358.75,0.9424083769633569,1.25,ascending,ascending,True,True,0_to_360,"((192,), (288,), -90.0, 90.0, 0.0, 358.75, 0.9424083769633569, 1.25)",,
CMCC-ESM2,ssp585,tas,tas_Amon_CMCC-ESM2_ssp585_r1i1p1f1_204001-210012.nc,OK_1D,lat,lon,1,1,192,288,-90.0,90.0,0.0,358.75,0.9424083769633569,1.25,ascending,ascending,True,True,0_to_360,"((192,), (288,), -90.0, 90.0, 0.0, 358.75, 0.9424083769633569, 1.25)",,
FGOALS-f3-L,historical,rsds,rsds_Amon_FGOALS-f3-L_historical_r1i1p1f1_199401-201412.nc,OK_1D,lat,lon,1,1,180,288,-89.5,89.5,0.625,359.375,1.0,1.25,ascending,ascending,True,True,0_to_360,"((180,), (288,), -89.5, 89.5, 0.625, 359.375, 1.0, 1.25)",,
FGOALS-f3-L,historical,sfcWind,sfcWind_Amon_FGOALS-f3-L_historical_r1i1p1f1_199401-201412.nc,OK_1D,lat,lon,1,1,180,288,-89.5,89.5,0.625,359.375,1.0,1.25,ascending,ascending,True,True,0_to_360,"((180,), (288,), -89.5, 89.5, 0.625, 359.375, 1.0, 1.25)",,
FGOALS-f3-L,historical,tas,tas_Amon_FGOALS-f3-L_historical_r1i1p1f1_199401-201412.nc,OK_1D,lat,lon,1,1,180,288,-89.5,89.5,0.625,359.375,1.0,1.25,ascending,ascending,True,True,0_to_360,"((180,), (288,), -89.5, 89.5, 0.625, 359.375, 1.0, 1.25)",,
FGOALS-f3-L,ssp126,rsds,rsds_Amon_FGOALS-f3-L_ssp126_r1i1p1f1_204001-210012.nc,OK_1D,lat,lon,1,1,180,288,-89.5,89.5,0.625,359.375,1.0,1.25,ascending,ascending,True,True,0_to_360,"((180,), (288,), -89.5, 89.5, 0.625, 359.375, 1.0, 1.25)",,
FGOALS-f3-L,ssp126,sfcWind,sfcWind_Amon_FGOALS-f3-L_ssp126_r1i1p1f1_204001-210012.nc,OK_1D,lat,lon,1,1,180,288,-89.5,89.5,0.625,359.375,1.0,1.25,ascending,ascending,True,True,0_to_360,"((180,), (288,), -89.5, 89.5, 0.625, 359.375, 1.0, 1.25)",,
FGOALS-f3-L,ssp126,tas,tas_Amon_FGOALS-f3-L_ssp126_r1i1p1f1_204001-210012.nc,OK_1D,lat,lon,1,1,180,288,-89.5,89.5,0.625,359.375,1.0,1.25,ascending,ascending,True,True,0_to_360,"((180,), (288,), -89.5, 89.5, 0.625, 359.375, 1.0, 1.25)",,
FGOALS-f3-L,ssp245,rsds,rsds_Amon_FGOALS-f3-L_ssp245_r1i1p1f1_204001-210012.nc,OK_1D,lat,lon,1,1,180,288,-89.5,89.5,0.625,359.375,1.0,1.25,ascending,ascending,True,True,0_to_360,"((180,), (288,), -89.5, 89.5, 0.625, 359.375, 1.0, 1.25)",,
FGOALS-f3-L,ssp245,sfcWind,sfcWind_Amon_FGOALS-f3-L_ssp245_r1i1p1f1_204001-210012.nc,OK_1D,lat,lon,1,1,180,288,-89.5,89.5,0.625,359.375,1.0,1.25,ascending,ascending,True,True,0_to_360,"((180,), (288,), -89.5, 89.5, 0.625, 359.375, 1.0, 1.25)",,
FGOALS-f3-L,ssp245,tas,tas_Amon_FGOALS-f3-L_ssp245_r1i1p1f1_204001-210012.nc,OK_1D,lat,lon,1,1,180,288,-89.5,89.5,0.625,359.375,1.0,1.25,ascending,ascending,True,True,0_to_360,"((180,), (288,), -89.5, 89.5, 0.625, 359.375, 1.0, 1.25)",,
FGOALS-f3-L,ssp585,rsds,rsds_Amon_FGOALS-f3-L_ssp585_r1i1p1f1_204001-210012.nc,OK_1D,lat,lon,1,1,180,288,-89.5,89.5,0.625,359.375,1.0,1.25,ascending,ascending,True,True,0_to_360,"((180,), (288,), -89.5, 89.5, 0.625, 359.375, 1.0, 1.25)",,
FGOALS-f3-L,ssp585,sfcWind,sfcWind_Amon_FGOALS-f3-L_ssp585_r1i1p1f1_204001-210012.nc,OK_1D,lat,lon,1,1,180,288,-89.5,89.5,0.625,359.375,1.0,1.25,ascending,ascending,True,True,0_to_360,"((180,), (288,), -89.5, 89.5, 0.625, 359.375, 1.0, 1.25)",,
FGOALS-f3-L,ssp585,tas,tas_Amon_FGOALS-f3-L_ssp585_r1i1p1f1_204001-210012.nc,OK_1D,lat,lon,1,1,180,288,-89.5,89.5,0.625,359.375,1.0,1.25,ascending,ascending,True,True,0_to_360,"((180,), (288,), -89.5, 89.5, 0.625, 359.375, 1.0, 1.25)",,
FIO-ESM-2-0,historical,rsds,rsds_Amon_FIO-ESM-2-0_historical_r1i1p1f1_199401-201412.nc,OK_1D,lat,lon,1,1,192,288,-90.0,90.0,0.0,358.75,0.9424083769633569,1.25,ascending,ascending,True,True,0_to_360,"((192,), (288,), -90.0, 90.0, 0.0, 358.75, 0.9424083769633569, 1.25)",,
FIO-ESM-2-0,historical,sfcWind,sfcWind_Amon_FIO-ESM-2-0_historical_r1i1p1f1_199401-201412.nc,OK_1D,lat,lon,1,1,192,288,-90.0,90.0,0.0,358.75,0.9424083769633569,1.25,ascending,ascending,True,True,0_to_360,"((192,), (288,), -90.0, 90.0, 0.0, 358.75, 0.9424083769633569, 1.25)",,
FIO-ESM-2-0,historical,tas,tas_Amon_FIO-ESM-2-0_historical_r1i1p1f1_199401-201412.nc,OK_1D,lat,lon,1,1,192,288,-90.0,90.0,0.0,358.75,0.9424083769633569,1.25,ascending,ascending,True,True,0_to_360,"((192,), (288,), -90.0, 90.0, 0.0, 358.75, 0.9424083769633569, 1.25)",,
FIO-ESM-2-0,ssp126,rsds,rsds_Amon_FIO-ESM-2-0_ssp126_r1i1p1f1_204001-210012.nc,OK_1D,lat,lon,1,1,192,288,-90.0,90.0,0.0,358.75,0.9424083769633569,1.25,ascending,ascending,True,True,0_to_360,"((192,), (288,), -90.0, 90.0, 0.0, 358.75, 0.9424083769633569, 1.25)",,
FIO-ESM-2-0,ssp126,sfcWind,sfcWind_Amon_FIO-ESM-2-0_ssp126_r1i1p1f1_204001-210012.nc,OK_1D,lat,lon,1,1,192,288,-90.0,90.0,0.0,358.75,0.9424083769633569,1.25,ascending,ascending,True,True,0_to_360,"((192,), (288,), -90.0, 90.0, 0.0, 358.75, 0.9424083769633569, 1.25)",,
FIO-ESM-2-0,ssp126,tas,tas_Amon_FIO-ESM-2-0_ssp126_r1i1p1f1_204001-210012.nc,OK_1D,lat,lon,1,1,192,288,-90.0,90.0,0.0,358.75,0.9424083769633569,1.25,ascending,ascending,True,True,0_to_360,"((192,), (288,), -90.0, 90.0, 0.0, 358.75, 0.9424083769633569, 1.25)",,
FIO-ESM-2-0,ssp245,rsds,rsds_Amon_FIO-ESM-2-0_ssp245_r1i1p1f1_204001-210012.nc,OK_1D,lat,lon,1,1,192,288,-90.0,90.0,0.0,358.75,0.9424083769633569,1.25,ascending,ascending,True,True,0_to_360,"((192,), (288,), -90.0, 90.0, 0.0, 358.75, 0.9424083769633569, 1.25)",,
FIO-ESM-2-0,ssp245,sfcWind,sfcWind_Amon_FIO-ESM-2-0_ssp245_r1i1p1f1_204001-210012.nc,OK_1D,lat,lon,1,1,192,288,-90.0,90.0,0.0,358.75,0.9424083769633569,1.25,ascending,ascending,True,True,0_to_360,"((192,), (288,), -90.0, 90.0, 0.0, 358.75, 0.9424083769633569, 1.25)",,
FIO-ESM-2-0,ssp245,tas,tas_Amon_FIO-ESM-2-0_ssp245_r1i1p1f1_204001-210012.nc,OK_1D,lat,lon,1,1,192,288,-90.0,90.0,0.0,358.75,0.9424083769633569,1.25,ascending,ascending,True,True,0_to_360,"((192,), (288,), -90.0, 90.0, 0.0, 358.75, 0.9424083769633569, 1.25)",,
FIO-ESM-2-0,ssp585,rsds,rsds_Amon_FIO-ESM-2-0_ssp585_r1i1p1f1_204001-210012.nc,OK_1D,lat,lon,1,1,192,288,-90.0,90.0,0.0,358.75,0.9424083769633569,1.25,ascending,ascending,True,True,0_to_360,"((192,), (288,), -90.0, 90.0, 0.0, 358.75, 0.9424083769633569, 1.25)",,
FIO-ESM-2-0,ssp585,sfcWind,sfcWind_Amon_FIO-ESM-2-0_ssp585_r1i1p1f1_204001-210012.nc,OK_1D,lat,lon,1,1,192,288,-90.0,90.0,0.0,358.75,0.9424083769633569,1.25,ascending,ascending,True,True,0_to_360,"((192,), (288,), -90.0, 90.0, 0.0, 358.75, 0.9424083769633569, 1.25)",,
FIO-ESM-2-0,ssp585,tas,tas_Amon_FIO-ESM-2-0_ssp585_r1i1p1f1_204001-210012.nc,OK_1D,lat,lon,1,1,192,288,-90.0,90.0,0.0,358.75,0.9424083769633569,1.25,ascending,ascending,True,True,0_to_360,"((192,), (288,), -90.0, 90.0, 0.0, 358.75, 0.9424083769633569, 1.25)",,
IPSL-CM6A-LR,historical,rsds,rsds_Amon_IPSL-CM6A-LR_historical_r1i1p1f1_199401-201412.nc,OK_1D,lat,lon,1,1,143,144,-90.0,90.0,0.0,357.5,1.2676048278808594,2.5,ascending,ascending,False,True,0_to_360,"((143,), (144,), -90.0, 90.0, 0.0, 357.5, 1.2676048278808594, 2.5)",,
IPSL-CM6A-LR,historical,sfcWind,sfcWind_Amon_IPSL-CM6A-LR_historical_r1i1p1f1_199401-201412.nc,OK_1D,lat,lon,1,1,143,144,-90.0,90.0,0.0,357.5,1.2676048278808594,2.5,ascending,ascending,False,True,0_to_360,"((143,), (144,), -90.0, 90.0, 0.0, 357.5, 1.2676048278808594, 2.5)",,
IPSL-CM6A-LR,historical,tas,tas_Amon_IPSL-CM6A-LR_historical_r1i1p1f1_199401-201412.nc,OK_1D,lat,lon,1,1,143,144,-90.0,90.0,0.0,357.5,1.2676048278808594,2.5,ascending,ascending,False,True,0_to_360,"((143,), (144,), -90.0, 90.0, 0.0, 357.5, 1.2676048278808594, 2.5)",,
IPSL-CM6A-LR,ssp126,rsds,rsds_Amon_IPSL-CM6A-LR_ssp126_r1i1p1f1_204001-210012.nc,OK_1D,lat,lon,1,1,143,144,-90.0,90.0,0.0,357.5,1.2676048278808594,2.5,ascending,ascending,False,True,0_to_360,"((143,), (144,), -90.0, 90.0, 0.0, 357.5, 1.2676048278808594, 2.5)",,
IPSL-CM6A-LR,ssp126,sfcWind,sfcWind_Amon_IPSL-CM6A-LR_ssp126_r1i1p1f1_204001-210012.nc,OK_1D,lat,lon,1,1,143,144,-90.0,90.0,0.0,357.5,1.2676048278808594,2.5,ascending,ascending,False,True,0_to_360,"((143,), (144,), -90.0, 90.0, 0.0, 357.5, 1.2676048278808594, 2.5)",,
IPSL-CM6A-LR,ssp126,tas,tas_Amon_IPSL-CM6A-LR_ssp126_r1i1p1f1_204001-210012.nc,OK_1D,lat,lon,1,1,143,144,-90.0,90.0,0.0,357.5,1.2676048278808594,2.5,ascending,ascending,False,True,0_to_360,"((143,), (144,), -90.0, 90.0, 0.0, 357.5, 1.2676048278808594, 2.5)",,
IPSL-CM6A-LR,ssp245,rsds,rsds_Amon_IPSL-CM6A-LR_ssp245_r1i1p1f1_204001-210012.nc,OK_1D,lat,lon,1,1,143,144,-90.0,90.0,0.0,357.5,1.2676048278808594,2.5,ascending,ascending,False,True,0_to_360,"((143,), (144,), -90.0, 90.0, 0.0, 357.5, 1.2676048278808594, 2.5)",,
IPSL-CM6A-LR,ssp245,sfcWind,sfcWind_Amon_IPSL-CM6A-LR_ssp245_r1i1p1f1_204001-210012.nc,OK_1D,lat,lon,1,1,143,144,-90.0,90.0,0.0,357.5,1.2676048278808594,2.5,ascending,ascending,False,True,0_to_360,"((143,), (144,), -90.0, 90.0, 0.0, 357.5, 1.2676048278808594, 2.5)",,
IPSL-CM6A-LR,ssp245,tas,tas_Amon_IPSL-CM6A-LR_ssp245_r1i1p1f1_204001-210012.nc,OK_1D,lat,lon,1,1,143,144,-90.0,90.0,0.0,357.5,1.2676048278808594,2.5,ascending,ascending,False,True,0_to_360,"((143,), (144,), -90.0, 90.0, 0.0, 357.5, 1.2676048278808594, 2.5)",,
IPSL-CM6A-LR,ssp585,rsds,rsds_Amon_IPSL-CM6A-LR_ssp585_r1i1p1f1_204001-210012.nc,OK_1D,lat,lon,1,1,143,144,-90.0,90.0,0.0,357.5,1.2676048278808594,2.5,ascending,ascending,False,True,0_to_360,"((143,), (144,), -90.0, 90.0, 0.0, 357.5, 1.2676048278808594, 2.5)",,
IPSL-CM6A-LR,ssp585,sfcWind,sfcWind_Amon_IPSL-CM6A-LR_ssp585_r1i1p1f1_204001-210012.nc,OK_1D,lat,lon,1,1,143,144,-90.0,90.0,0.0,357.5,1.2676048278808594,2.5,ascending,ascending,False,True,0_to_360,"((143,), (144,), -90.0, 90.0, 0.0, 357.5, 1.2676048278808594, 2.5)",,
IPSL-CM6A-LR,ssp585,tas,tas_Amon_IPSL-CM6A-LR_ssp585_r1i1p1f1_204001-210012.nc,OK_1D,lat,lon,1,1,143,144,-90.0,90.0,0.0,357.5,1.2676048278808594,2.5,ascending,ascending,False,True,0_to_360,"((143,), (144,), -90.0, 90.0, 0.0, 357.5, 1.2676048278808594, 2.5)",,
KACE-1-0-G,historical,rsds,rsds_Amon_KACE-1-0-G_historical_r1i1p1f1_199401-201412.nc,OK_1D,lat,lon,1,1,144,192,-89.375,89.375,0.9375,359.0625,1.25,1.875,ascending,ascending,True,True,0_to_360,"((144,), (192,), -89.375, 89.375, 0.9375, 359.0625, 1.25, 1.875)",,
KACE-1-0-G,historical,sfcWind,sfcWind_Amon_KACE-1-0-G_historical_r1i1p1f1_199401-201412.nc,OK_1D,lat,lon,1,1,144,192,-89.375,89.375,0.9375,359.0625,1.25,1.875,ascending,ascending,True,True,0_to_360,"((144,), (192,), -89.375, 89.375, 0.9375, 359.0625, 1.25, 1.875)",,
KACE-1-0-G,historical,tas,tas_Amon_KACE-1-0-G_historical_r1i1p1f1_199401-201412.nc,OK_1D,lat,lon,1,1,144,192,-89.375,89.375,0.9375,359.0625,1.25,1.875,ascending,ascending,True,True,0_to_360,"((144,), (192,), -89.375, 89.375, 0.9375, 359.0625, 1.25, 1.875)",,
KACE-1-0-G,ssp126,rsds,rsds_Amon_KACE-1-0-G_ssp126_r1i1p1f1_204001-210012.nc,OK_1D,lat,lon,1,1,144,192,-89.375,89.375,0.9375,359.0625,1.25,1.875,ascending,ascending,True,True,0_to_360,"((144,), (192,), -89.375, 89.375, 0.9375, 359.0625, 1.25, 1.875)",,
KACE-1-0-G,ssp126,sfcWind,sfcWind_Amon_KACE-1-0-G_ssp126_r1i1p1f1_204001-210012.nc,OK_1D,lat,lon,1,1,144,192,-89.375,89.375,0.9375,359.0625,1.25,1.875,ascending,ascending,True,True,0_to_360,"((144,), (192,), -89.375, 89.375, 0.9375, 359.0625, 1.25, 1.875)",,
KACE-1-0-G,ssp126,tas,tas_Amon_KACE-1-0-G_ssp126_r1i1p1f1_204001-210012.nc,OK_1D,lat,lon,1,1,144,192,-89.375,89.375,0.9375,359.0625,1.25,1.875,ascending,ascending,True,True,0_to_360,"((144,), (192,), -89.375, 89.375, 0.9375, 359.0625, 1.25, 1.875)",,
KACE-1-0-G,ssp245,rsds,rsds_Amon_KACE-1-0-G_ssp245_r1i1p1f1_204001-210012.nc,OK_1D,lat,lon,1,1,144,192,-89.375,89.375,0.9375,359.0625,1.25,1.875,ascending,ascending,True,True,0_to_360,"((144,), (192,), -89.375, 89.375, 0.9375, 359.0625, 1.25, 1.875)",,
KACE-1-0-G,ssp245,sfcWind,sfcWind_Amon_KACE-1-0-G_ssp245_r1i1p1f1_204001-210012.nc,OK_1D,lat,lon,1,1,144,192,-89.375,89.375,0.9375,359.0625,1.25,1.875,ascending,ascending,True,True,0_to_360,"((144,), (192,), -89.375, 89.375, 0.9375, 359.0625, 1.25, 1.875)",,
KACE-1-0-G,ssp245,tas,tas_Amon_KACE-1-0-G_ssp245_r1i1p1f1_204001-210012.nc,OK_1D,lat,lon,1,1,144,192,-89.375,89.375,0.9375,359.0625,1.25,1.875,ascending,ascending,True,True,0_to_360,"((144,), (192,), -89.375, 89.375, 0.9375, 359.0625, 1.25, 1.875)",,
KACE-1-0-G,ssp585,rsds,rsds_Amon_KACE-1-0-G_ssp585_r1i1p1f1_204001-210012.nc,OK_1D,lat,lon,1,1,144,192,-89.375,89.375,0.9375,359.0625,1.25,1.875,ascending,ascending,True,True,0_to_360,"((144,), (192,), -89.375, 89.375, 0.9375, 359.0625, 1.25, 1.875)",,
KACE-1-0-G,ssp585,sfcWind,sfcWind_Amon_KACE-1-0-G_ssp585_r1i1p1f1_204001-210012.nc,OK_1D,lat,lon,1,1,144,192,-89.375,89.375,0.9375,359.0625,1.25,1.875,ascending,ascending,True,True,0_to_360,"((144,), (192,), -89.375, 89.375, 0.9375, 359.0625, 1.25, 1.875)",,
KACE-1-0-G,ssp585,tas,tas_Amon_KACE-1-0-G_ssp585_r1i1p1f1_204001-210012.nc,OK_1D,lat,lon,1,1,144,192,-89.375,89.375,0.9375,359.0625,1.25,1.875,ascending,ascending,True,True,0_to_360,"((144,), (192,), -89.375, 89.375, 0.9375, 359.0625, 1.25, 1.875)",,
MPI-ESM1-2-HR,historical,rsds,rsds_Amon_MPI-ESM1-2-HR_historical_r1i1p1f1_199401-201412.nc,OK_1D,lat,lon,1,1,192,384,-89.28422753251364,89.28422753251364,0.0,359.0625,0.9350586521707385,0.9375,ascending,ascending,False,True,0_to_360,"((192,), (384,), -89.28422753251364, 89.28422753251364, 0.0, 359.0625, 0.9350586521707385, 0.9375)",,
MPI-ESM1-2-HR,historical,sfcWind,sfcWind_Amon_MPI-ESM1-2-HR_historical_r1i1p1f1_199401-201412.nc,OK_1D,lat,lon,1,1,192,384,-89.28422753251364,89.28422753251364,0.0,359.0625,0.9350586521707385,0.9375,ascending,ascending,False,True,0_to_360,"((192,), (384,), -89.28422753251364, 89.28422753251364, 0.0, 359.0625, 0.9350586521707385, 0.9375)",,
MPI-ESM1-2-HR,historical,tas,tas_Amon_MPI-ESM1-2-HR_historical_r1i1p1f1_199401-201412.nc,OK_1D,lat,lon,1,1,192,384,-89.28422753251364,89.28422753251364,0.0,359.0625,0.9350586521707385,0.9375,ascending,ascending,False,True,0_to_360,"((192,), (384,), -89.28422753251364, 89.28422753251364, 0.0, 359.0625, 0.9350586521707385, 0.9375)",,
MPI-ESM1-2-HR,ssp126,rsds,rsds_Amon_MPI-ESM1-2-HR_ssp126_r1i1p1f1_204001-210012.nc,OK_1D,lat,lon,1,1,192,384,-89.28422753251364,89.28422753251364,0.0,359.0625,0.9350586521707385,0.9375,ascending,ascending,False,True,0_to_360,"((192,), (384,), -89.28422753251364, 89.28422753251364, 0.0, 359.0625, 0.9350586521707385, 0.9375)",,
MPI-ESM1-2-HR,ssp126,sfcWind,sfcWind_Amon_MPI-ESM1-2-HR_ssp126_r1i1p1f1_204001-210012.nc,OK_1D,lat,lon,1,1,192,384,-89.28422753251364,89.28422753251364,0.0,359.0625,0.9350586521707385,0.9375,ascending,ascending,False,True,0_to_360,"((192,), (384,), -89.28422753251364, 89.28422753251364, 0.0, 359.0625, 0.9350586521707385, 0.9375)",,
MPI-ESM1-2-HR,ssp126,tas,tas_Amon_MPI-ESM1-2-HR_ssp126_r1i1p1f1_204001-210012.nc,OK_1D,lat,lon,1,1,192,384,-89.28422753251364,89.28422753251364,0.0,359.0625,0.9350586521707385,0.9375,ascending,ascending,False,True,0_to_360,"((192,), (384,), -89.28422753251364, 89.28422753251364, 0.0, 359.0625, 0.9350586521707385, 0.9375)",,
MPI-ESM1-2-HR,ssp245,rsds,rsds_Amon_MPI-ESM1-2-HR_ssp245_r1i1p1f1_204001-210012.nc,OK_1D,lat,lon,1,1,192,384,-89.28422753251364,89.28422753251364,0.0,359.0625,0.9350586521707385,0.9375,ascending,ascending,False,True,0_to_360,"((192,), (384,), -89.28422753251364, 89.28422753251364, 0.0, 359.0625, 0.9350586521707385, 0.9375)",,
MPI-ESM1-2-HR,ssp245,sfcWind,sfcWind_Amon_MPI-ESM1-2-HR_ssp245_r1i1p1f1_204001-210012.nc,OK_1D,lat,lon,1,1,192,384,-89.28422753251364,89.28422753251364,0.0,359.0625,0.9350586521707385,0.9375,ascending,ascending,False,True,0_to_360,"((192,), (384,), -89.28422753251364, 89.28422753251364, 0.0, 359.0625, 0.9350586521707385, 0.9375)",,
MPI-ESM1-2-HR,ssp245,tas,tas_Amon_MPI-ESM1-2-HR_ssp245_r1i1p1f1_204001-210012.nc,OK_1D,lat,lon,1,1,192,384,-89.28422753251364,89.28422753251364,0.0,359.0625,0.9350586521707385,0.9375,ascending,ascending,False,True,0_to_360,"((192,), (384,), -89.28422753251364, 89.28422753251364, 0.0, 359.0625, 0.9350586521707385, 0.9375)",,
MPI-ESM1-2-HR,ssp585,rsds,rsds_Amon_MPI-ESM1-2-HR_ssp585_r1i1p1f1_204001-210012.nc,OK_1D,lat,lon,1,1,192,384,-89.28422753251364,89.28422753251364,0.0,359.0625,0.9350586521707385,0.9375,ascending,ascending,False,True,0_to_360,"((192,), (384,), -89.28422753251364, 89.28422753251364, 0.0, 359.0625, 0.9350586521707385, 0.9375)",,
MPI-ESM1-2-HR,ssp585,sfcWind,sfcWind_Amon_MPI-ESM1-2-HR_ssp585_r1i1p1f1_204001-210012.nc,OK_1D,lat,lon,1,1,192,384,-89.28422753251364,89.28422753251364,0.0,359.0625,0.9350586521707385,0.9375,ascending,ascending,False,True,0_to_360,"((192,), (384,), -89.28422753251364, 89.28422753251364, 0.0, 359.0625, 0.9350586521707385, 0.9375)",,
MPI-ESM1-2-HR,ssp585,tas,tas_Amon_MPI-ESM1-2-HR_ssp585_r1i1p1f1_204001-210012.nc,OK_1D,lat,lon,1,1,192,384,-89.28422753251364,89.28422753251364,0.0,359.0625,0.9350586521707385,0.9375,ascending,ascending,False,True,0_to_360,"((192,), (384,), -89.28422753251364, 89.28422753251364, 0.0, 359.0625, 0.9350586521707385, 0.9375)",,
MPI-ESM1-2-LR,historical,rsds,rsds_Amon_MPI-ESM1-2-LR_historical_r1i1p1f1_199401-201412.nc,OK_1D,lat,lon,1,1,96,192,-88.57216851400727,88.57216851400727,0.0,358.125,1.8652352987505267,1.875,ascending,ascending,False,True,0_to_360,"((96,), (192,), -88.57216851400727, 88.57216851400727, 0.0, 358.125, 1.8652352987505267, 1.875)",,
MPI-ESM1-2-LR,historical,sfcWind,sfcWind_Amon_MPI-ESM1-2-LR_historical_r1i1p1f1_199401-201412.nc,OK_1D,lat,lon,1,1,96,192,-88.57216851400727,88.57216851400727,0.0,358.125,1.8652352987505267,1.875,ascending,ascending,False,True,0_to_360,"((96,), (192,), -88.57216851400727, 88.57216851400727, 0.0, 358.125, 1.8652352987505267, 1.875)",,
MPI-ESM1-2-LR,historical,tas,tas_Amon_MPI-ESM1-2-LR_historical_r1i1p1f1_199401-201412.nc,OK_1D,lat,lon,1,1,96,192,-88.57216851400727,88.57216851400727,0.0,358.125,1.8652352987505267,1.875,ascending,ascending,False,True,0_to_360,"((96,), (192,), -88.57216851400727, 88.57216851400727, 0.0, 358.125, 1.8652352987505267, 1.875)",,
MPI-ESM1-2-LR,ssp126,rsds,rsds_Amon_MPI-ESM1-2-LR_ssp126_r1i1p1f1_204001-210012.nc,OK_1D,lat,lon,1,1,96,192,-88.57216851400727,88.57216851400727,0.0,358.125,1.8652352987505267,1.875,ascending,ascending,False,True,0_to_360,"((96,), (192,), -88.57216851400727, 88.57216851400727, 0.0, 358.125, 1.8652352987505267, 1.875)",,
MPI-ESM1-2-LR,ssp126,sfcWind,sfcWind_Amon_MPI-ESM1-2-LR_ssp126_r1i1p1f1_204001-210012.nc,OK_1D,lat,lon,1,1,96,192,-88.57216851400727,88.57216851400727,0.0,358.125,1.8652352987505267,1.875,ascending,ascending,False,True,0_to_360,"((96,), (192,), -88.57216851400727, 88.57216851400727, 0.0, 358.125, 1.8652352987505267, 1.875)",,
MPI-ESM1-2-LR,ssp126,tas,tas_Amon_MPI-ESM1-2-LR_ssp126_r1i1p1f1_204001-210012.nc,OK_1D,lat,lon,1,1,96,192,-88.57216851400727,88.57216851400727,0.0,358.125,1.8652352987505267,1.875,ascending,ascending,False,True,0_to_360,"((96,), (192,), -88.57216851400727, 88.57216851400727, 0.0, 358.125, 1.8652352987505267, 1.875)",,
MPI-ESM1-2-LR,ssp245,rsds,rsds_Amon_MPI-ESM1-2-LR_ssp245_r1i1p1f1_204001-210012.nc,OK_1D,lat,lon,1,1,96,192,-88.57216851400727,88.57216851400727,0.0,358.125,1.8652352987505267,1.875,ascending,ascending,False,True,0_to_360,"((96,), (192,), -88.57216851400727, 88.57216851400727, 0.0, 358.125, 1.8652352987505267, 1.875)",,
MPI-ESM1-2-LR,ssp245,sfcWind,sfcWind_Amon_MPI-ESM1-2-LR_ssp245_r1i1p1f1_204001-210012.nc,OK_1D,lat,lon,1,1,96,192,-88.57216851400727,88.57216851400727,0.0,358.125,1.8652352987505267,1.875,ascending,ascending,False,True,0_to_360,"((96,), (192,), -88.57216851400727, 88.57216851400727, 0.0, 358.125, 1.8652352987505267, 1.875)",,
MPI-ESM1-2-LR,ssp245,tas,tas_Amon_MPI-ESM1-2-LR_ssp245_r1i1p1f1_204001-210012.nc,OK_1D,lat,lon,1,1,96,192,-88.57216851400727,88.57216851400727,0.0,358.125,1.8652352987505267,1.875,ascending,ascending,False,True,0_to_360,"((96,), (192,), -88.57216851400727, 88.57216851400727, 0.0, 358.125, 1.8652352987505267, 1.875)",,
MPI-ESM1-2-LR,ssp585,rsds,rsds_Amon_MPI-ESM1-2-LR_ssp585_r1i1p1f1_204001-210012.nc,OK_1D,lat,lon,1,1,96,192,-88.57216851400727,88.57216851400727,0.0,358.125,1.8652352987505267,1.875,ascending,ascending,False,True,0_to_360,"((96,), (192,), -88.57216851400727, 88.57216851400727, 0.0, 358.125, 1.8652352987505267, 1.875)",,
MPI-ESM1-2-LR,ssp585,sfcWind,sfcWind_Amon_MPI-ESM1-2-LR_ssp585_r1i1p1f1_204001-210012.nc,OK_1D,lat,lon,1,1,96,192,-88.57216851400727,88.57216851400727,0.0,358.125,1.8652352987505267,1.875,ascending,ascending,False,True,0_to_360,"((96,), (192,), -88.57216851400727, 88.57216851400727, 0.0, 358.125, 1.8652352987505267, 1.875)",,
MPI-ESM1-2-LR,ssp585,tas,tas_Amon_MPI-ESM1-2-LR_ssp585_r1i1p1f1_204001-210012.nc,OK_1D,lat,lon,1,1,96,192,-88.57216851400727,88.57216851400727,0.0,358.125,1.8652352987505267,1.875,ascending,ascending,False,True,0_to_360,"((96,), (192,), -88.57216851400727, 88.57216851400727, 0.0, 358.125, 1.8652352987505267, 1.875)",,
MRI-ESM2-0,historical,rsds,rsds_Amon_MRI-ESM2-0_historical_r1i1p1f1_199401-201412.nc,OK_1D,lat,lon,1,1,160,320,-89.14152,89.14152,0.0,358.875,1.1214800000000018,1.125,ascending,ascending,False,True,0_to_360,"((160,), (320,), -89.14152, 89.14152, 0.0, 358.875, 1.1214800000000018, 1.125)",,
MRI-ESM2-0,historical,sfcWind,sfcWind_Amon_MRI-ESM2-0_historical_r1i1p1f1_199401-201412.nc,OK_1D,lat,lon,1,1,160,320,-89.14152,89.14152,0.0,358.875,1.1214800000000018,1.125,ascending,ascending,False,True,0_to_360,"((160,), (320,), -89.14152, 89.14152, 0.0, 358.875, 1.1214800000000018, 1.125)",,
MRI-ESM2-0,historical,tas,tas_Amon_MRI-ESM2-0_historical_r1i1p1f1_199401-201412.nc,OK_1D,lat,lon,1,1,160,320,-89.14152,89.14152,0.0,358.875,1.1214800000000018,1.125,ascending,ascending,False,True,0_to_360,"((160,), (320,), -89.14152, 89.14152, 0.0, 358.875, 1.1214800000000018, 1.125)",,
MRI-ESM2-0,ssp126,rsds,rsds_Amon_MRI-ESM2-0_ssp126_r1i1p1f1_204001-210012.nc,OK_1D,lat,lon,1,1,160,320,-89.14152,89.14152,0.0,358.875,1.1214800000000018,1.125,ascending,ascending,False,True,0_to_360,"((160,), (320,), -89.14152, 89.14152, 0.0, 358.875, 1.1214800000000018, 1.125)",,
MRI-ESM2-0,ssp126,sfcWind,sfcWind_Amon_MRI-ESM2-0_ssp126_r1i1p1f1_204001-210012.nc,OK_1D,lat,lon,1,1,160,320,-89.14152,89.14152,0.0,358.875,1.1214800000000018,1.125,ascending,ascending,False,True,0_to_360,"((160,), (320,), -89.14152, 89.14152, 0.0, 358.875, 1.1214800000000018, 1.125)",,
MRI-ESM2-0,ssp126,tas,tas_Amon_MRI-ESM2-0_ssp126_r1i1p1f1_204001-210012.nc,OK_1D,lat,lon,1,1,160,320,-89.14152,89.14152,0.0,358.875,1.1214800000000018,1.125,ascending,ascending,False,True,0_to_360,"((160,), (320,), -89.14152, 89.14152, 0.0, 358.875, 1.1214800000000018, 1.125)",,
MRI-ESM2-0,ssp245,rsds,rsds_Amon_MRI-ESM2-0_ssp245_r1i1p1f1_204001-210012.nc,OK_1D,lat,lon,1,1,160,320,-89.14152,89.14152,0.0,358.875,1.1214800000000018,1.125,ascending,ascending,False,True,0_to_360,"((160,), (320,), -89.14152, 89.14152, 0.0, 358.875, 1.1214800000000018, 1.125)",,
MRI-ESM2-0,ssp245,sfcWind,sfcWind_Amon_MRI-ESM2-0_ssp245_r1i1p1f1_204001-210012.nc,OK_1D,lat,lon,1,1,160,320,-89.14152,89.14152,0.0,358.875,1.1214800000000018,1.125,ascending,ascending,False,True,0_to_360,"((160,), (320,), -89.14152, 89.14152, 0.0, 358.875, 1.1214800000000018, 1.125)",,
MRI-ESM2-0,ssp245,tas,tas_Amon_MRI-ESM2-0_ssp245_r1i1p1f1_204001-210012.nc,OK_1D,lat,lon,1,1,160,320,-89.14152,89.14152,0.0,358.875,1.1214800000000018,1.125,ascending,ascending,False,True,0_to_360,"((160,), (320,), -89.14152, 89.14152, 0.0, 358.875, 1.1214800000000018, 1.125)",,
MRI-ESM2-0,ssp585,rsds,rsds_Amon_MRI-ESM2-0_ssp585_r1i1p1f1_204001-210012.nc,OK_1D,lat,lon,1,1,160,320,-89.14152,89.14152,0.0,358.875,1.1214800000000018,1.125,ascending,ascending,False,True,0_to_360,"((160,), (320,), -89.14152, 89.14152, 0.0, 358.875, 1.1214800000000018, 1.125)",,
MRI-ESM2-0,ssp585,sfcWind,sfcWind_Amon_MRI-ESM2-0_ssp585_r1i1p1f1_204001-210012.nc,OK_1D,lat,lon,1,1,160,320,-89.14152,89.14152,0.0,358.875,1.1214800000000018,1.125,ascending,ascending,False,True,0_to_360,"((160,), (320,), -89.14152, 89.14152, 0.0, 358.875, 1.1214800000000018, 1.125)",,
MRI-ESM2-0,ssp585,tas,tas_Amon_MRI-ESM2-0_ssp585_r1i1p1f1_204001-210012.nc,OK_1D,lat,lon,1,1,160,320,-89.14152,89.14152,0.0,358.875,1.1214800000000018,1.125,ascending,ascending,False,True,0_to_360,"((160,), (320,), -89.14152, 89.14152, 0.0, 358.875, 1.1214800000000018, 1.125)",,
TaiESM1,historical,rsds,rsds_Amon_TaiESM1_historical_r1i1p1f1_199401-201412.nc,OK_1D,lat,lon,1,1,192,288,-90.0,90.0,0.0,358.75,0.9424083769633569,1.25,ascending,ascending,True,True,0_to_360,"((192,), (288,), -90.0, 90.0, 0.0, 358.75, 0.9424083769633569, 1.25)",,
TaiESM1,historical,sfcWind,sfcWind_Amon_TaiESM1_historical_r1i1p1f1_199401-201412.nc,OK_1D,lat,lon,1,1,192,288,-90.0,90.0,0.0,358.75,0.9424083769633569,1.25,ascending,ascending,True,True,0_to_360,"((192,), (288,), -90.0, 90.0, 0.0, 358.75, 0.9424083769633569, 1.25)",,
TaiESM1,historical,tas,tas_Amon_TaiESM1_historical_r1i1p1f1_199401-201412.nc,OK_1D,lat,lon,1,1,192,288,-90.0,90.0,0.0,358.75,0.9424083769633569,1.25,ascending,ascending,True,True,0_to_360,"((192,), (288,), -90.0, 90.0, 0.0, 358.75, 0.9424083769633569, 1.25)",,
TaiESM1,ssp126,rsds,rsds_Amon_TaiESM1_ssp126_r1i1p1f1_204001-210012.nc,OK_1D,lat,lon,1,1,192,288,-90.0,90.0,0.0,358.75,0.9424083769633569,1.25,ascending,ascending,True,True,0_to_360,"((192,), (288,), -90.0, 90.0, 0.0, 358.75, 0.9424083769633569, 1.25)",,
TaiESM1,ssp126,sfcWind,sfcWind_Amon_TaiESM1_ssp126_r1i1p1f1_204001-210012.nc,OK_1D,lat,lon,1,1,192,288,-90.0,90.0,0.0,358.75,0.9424083769633569,1.25,ascending,ascending,True,True,0_to_360,"((192,), (288,), -90.0, 90.0, 0.0, 358.75, 0.9424083769633569, 1.25)",,
TaiESM1,ssp126,tas,tas_Amon_TaiESM1_ssp126_r1i1p1f1_204001-210012.nc,OK_1D,lat,lon,1,1,192,288,-90.0,90.0,0.0,358.75,0.9424083769633569,1.25,ascending,ascending,True,True,0_to_360,"((192,), (288,), -90.0, 90.0, 0.0, 358.75, 0.9424083769633569, 1.25)",,
TaiESM1,ssp245,rsds,rsds_Amon_TaiESM1_ssp245_r1i1p1f1_204001-210012.nc,OK_1D,lat,lon,1,1,192,288,-90.0,90.0,0.0,358.75,0.9424083769633569,1.25,ascending,ascending,True,True,0_to_360,"((192,), (288,), -90.0, 90.0, 0.0, 358.75, 0.9424083769633569, 1.25)",,
TaiESM1,ssp245,sfcWind,sfcWind_Amon_TaiESM1_ssp245_r1i1p1f1_204001-210012.nc,OK_1D,lat,lon,1,1,192,288,-90.0,90.0,0.0,358.75,0.9424083769633569,1.25,ascending,ascending,True,True,0_to_360,"((192,), (288,), -90.0, 90.0, 0.0, 358.75, 0.9424083769633569, 1.25)",,
TaiESM1,ssp245,tas,tas_Amon_TaiESM1_ssp245_r1i1p1f1_204001-210012.nc,OK_1D,lat,lon,1,1,192,288,-90.0,90.0,0.0,358.75,0.9424083769633569,1.25,ascending,ascending,True,True,0_to_360,"((192,), (288,), -90.0, 90.0, 0.0, 358.75, 0.9424083769633569, 1.25)",,
TaiESM1,ssp585,rsds,rsds_Amon_TaiESM1_ssp585_r1i1p1f1_204001-210012.nc,OK_1D,lat,lon,1,1,192,288,-90.0,90.0,0.0,358.75,0.9424083769633569,1.25,ascending,ascending,True,True,0_to_360,"((192,), (288,), -90.0, 90.0, 0.0, 358.75, 0.9424083769633569, 1.25)",,
TaiESM1,ssp585,sfcWind,sfcWind_Amon_TaiESM1_ssp585_r1i1p1f1_204001-210012.nc,OK_1D,lat,lon,1,1,192,288,-90.0,90.0,0.0,358.75,0.9424083769633569,1.25,ascending,ascending,True,True,0_to_360,"((192,), (288,), -90.0, 90.0, 0.0, 358.75, 0.9424083769633569, 1.25)",,
TaiESM1,ssp585,tas,tas_Amon_TaiESM1_ssp585_r1i1p1f1_204001-210012.nc,OK_1D,lat,lon,1,1,192,288,-90.0,90.0,0.0,358.75,0.9424083769633569,1.25,ascending,ascending,True,True,0_to_360,"((192,), (288,), -90.0, 90.0, 0.0, 358.75, 0.9424083769633569, 1.25)",,
