model,experiment,variable,filename,status,file_size_mb,time_count,expected_time_count,time_start,time_end,missing_month_count,duplicate_month_count,missing_months,duplicate_months,lat_name,lon_name,shape,calendar,error_type,error_message
ACCESS-CM2,historical,rsds,rsds_Amon_ACCESS-CM2_historical_r1i1p1f1_199401-201412.nc,OK,18.371057510375977,252,252,1994-01,2014-12,0,0,,,lat,lon,"(252, 144, 192)",proleptic_gregorian,,
ACCESS-CM2,historical,sfcWind,sfcWind_Amon_ACCESS-CM2_historical_r1i1p1f1_199401-201412.nc,OK,17.633313179016113,252,252,1994-01,2014-12,0,0,,,lat,lon,"(252, 144, 192)",proleptic_gregorian,,
ACCESS-CM2,historical,tas,tas_Amon_ACCESS-CM2_historical_r1i1p1f1_199401-201412.nc,OK,13.060016632080078,252,252,1994-01,2014-12,0,0,,,lat,lon,"(252, 144, 192)",proleptic_gregorian,,
ACCESS-CM2,ssp126,rsds,rsds_Amon_ACCESS-CM2_ssp126_r1i1p1f1_204001-210012.nc,OK,53.19556903839111,732,732,2040-01,2100-12,0,0,,,lat,lon,"(732, 144, 192)",proleptic_gregorian,,
ACCESS-CM2,ssp126,sfcWind,sfcWind_Amon_ACCESS-CM2_ssp126_r1i1p1f1_204001-210012.nc,OK,51.12685012817383,732,732,2040-01,2100-12,0,0,,,lat,lon,"(732, 144, 192)",proleptic_gregorian,,
ACCESS-CM2,ssp126,tas,tas_Amon_ACCESS-CM2_ssp126_r1i1p1f1_204001-210012.nc,OK,37.72982406616211,732,732,2040-01,2100-12,0,0,,,lat,lon,"(732, 144, 192)",proleptic_gregorian,,
ACCESS-CM2,ssp245,rsds,rsds_Amon_ACCESS-CM2_ssp245_r1i1p1f1_204001-210012.nc,OK,53.215203285217285,732,732,2040-01,2100-12,0,0,,,lat,lon,"(732, 144, 192)",proleptic_gregorian,,
ACCESS-CM2,ssp245,sfcWind,sfcWind_Amon_ACCESS-CM2_ssp245_r1i1p1f1_204001-210012.nc,OK,51.100605964660645,732,732,2040-01,2100-12,0,0,,,lat,lon,"(732, 144, 192)",proleptic_gregorian,,
ACCESS-CM2,ssp245,tas,tas_Amon_ACCESS-CM2_ssp245_r1i1p1f1_204001-210012.nc,OK,37.70042419433594,732,732,2040-01,2100-12,0,0,,,lat,lon,"(732, 144, 192)",proleptic_gregorian,,
ACCESS-CM2,ssp585,rsds,rsds_Amon_ACCESS-CM2_ssp585_r1i1p1f1_204001-210012.nc,OK,53.208558082580566,732,732,2040-01,2100-12,0,0,,,lat,lon,"(732, 144, 192)",proleptic_gregorian,,
ACCESS-CM2,ssp585,sfcWind,sfcWind_Amon_ACCESS-CM2_ssp585_r1i1p1f1_204001-210012.nc,OK,51.06144332885742,732,732,2040-01,2100-12,0,0,,,lat,lon,"(732, 144, 192)",proleptic_gregorian,,
ACCESS-CM2,ssp585,tas,tas_Amon_ACCESS-CM2_ssp585_r1i1p1f1_204001-210012.nc,OK,37.64962291717529,732,732,2040-01,2100-12,0,0,,,lat,lon,"(732, 144, 192)",proleptic_gregorian,,
ACCESS-ESM1-5,historical,rsds,rsds_Amon_ACCESS-ESM1-5_historical_r1i1p1f1_199401-201412.nc,OK,18.28569984436035,252,252,1994-01,2014-12,0,0,,,lat,lon,"(252, 145, 192)",proleptic_gregorian,,
ACCESS-ESM1-5,historical,sfcWind,sfcWind_Amon_ACCESS-ESM1-5_historical_r1i1p1f1_199401-201412.nc,OK,19.98337459564209,252,252,1994-01,2014-12,0,0,,,lat,lon,"(252, 145, 192)",proleptic_gregorian,,
ACCESS-ESM1-5,historical,tas,tas_Amon_ACCESS-ESM1-5_historical_r1i1p1f1_199401-201412.nc,OK,15.063907623291016,252,252,1994-01,2014-12,0,0,,,lat,lon,"(252, 145, 192)",proleptic_gregorian,,
ACCESS-ESM1-5,ssp126,rsds,rsds_Amon_ACCESS-ESM1-5_ssp126_r1i1p1f1_204001-210012.nc,OK,52.954994201660156,732,732,2040-01,2100-12,0,0,,,lat,lon,"(732, 145, 192)",proleptic_gregorian,,
ACCESS-ESM1-5,ssp126,sfcWind,sfcWind_Amon_ACCESS-ESM1-5_ssp126_r1i1p1f1_204001-210012.nc,OK,57.91953945159912,732,732,2040-01,2100-12,0,0,,,lat,lon,"(732, 145, 192)",proleptic_gregorian,,
ACCESS-ESM1-5,ssp126,tas,tas_Amon_ACCESS-ESM1-5_ssp126_r1i1p1f1_204001-210012.nc,OK,43.56367301940918,732,732,2040-01,2100-12,0,0,,,lat,lon,"(732, 145, 192)",proleptic_gregorian,,
ACCESS-ESM1-5,ssp245,rsds,rsds_Amon_ACCESS-ESM1-5_ssp245_r1i1p1f1_204001-210012.nc,OK,52.97892951965332,732,732,2040-01,2100-12,0,0,,,lat,lon,"(732, 145, 192)",proleptic_gregorian,,
ACCESS-ESM1-5,ssp245,sfcWind,sfcWind_Amon_ACCESS-ESM1-5_ssp245_r1i1p1f1_204001-210012.nc,OK,57.89119815826416,732,732,2040-01,2100-12,0,0,,,lat,lon,"(732, 145, 192)",proleptic_gregorian,,
ACCESS-ESM1-5,ssp245,tas,tas_Amon_ACCESS-ESM1-5_ssp245_r1i1p1f1_204001-210012.nc,OK,43.516685485839844,732,732,2040-01,2100-12,0,0,,,lat,lon,"(732, 145, 192)",proleptic_gregorian,,
ACCESS-ESM1-5,ssp585,rsds,rsds_Amon_ACCESS-ESM1-5_ssp585_r1i1p1f1_204001-210012.nc,OK,53.01463222503662,732,732,2040-01,2100-12,0,0,,,lat,lon,"(732, 145, 192)",proleptic_gregorian,,
ACCESS-ESM1-5,ssp585,sfcWind,sfcWind_Amon_ACCESS-ESM1-5_ssp585_r1i1p1f1_204001-210012.nc,OK,57.87532711029053,732,732,2040-01,2100-12,0,0,,,lat,lon,"(732, 145, 192)",proleptic_gregorian,,
ACCESS-ESM1-5,ssp585,tas,tas_Amon_ACCESS-ESM1-5_ssp585_r1i1p1f1_204001-210012.nc,OK,43.47090721130371,732,732,2040-01,2100-12,0,0,,,lat,lon,"(732, 145, 192)",proleptic_gregorian,,
AWI-CM-1-1-MR,historical,rsds,rsds_Amon_AWI-CM-1-1-MR_historical_r1i1p1f1_199401-201412.nc,OK,48.187804222106934,252,252,1994-01,2014-12,0,0,,,lat,lon,"(252, 192, 384)",proleptic_gregorian,,
AWI-CM-1-1-MR,historical,sfcWind,sfcWind_Amon_AWI-CM-1-1-MR_historical_r1i1p1f1_199401-201412.nc,OK,51.36147975921631,252,252,1994-01,2014-12,0,0,,,lat,lon,"(252, 192, 384)",proleptic_gregorian,,
AWI-CM-1-1-MR,historical,tas,tas_Amon_AWI-CM-1-1-MR_historical_r1i1p1f1_199401-201412.nc,OK,39.002323150634766,252,252,1994-01,2014-12,0,0,,,lat,lon,"(252, 192, 384)",proleptic_gregorian,,
AWI-CM-1-1-MR,ssp126,rsds,rsds_Amon_AWI-CM-1-1-MR_ssp126_r1i1p1f1_204001-210012.nc,OK,139.99240016937256,732,732,2040-01,2100-12,0,0,,,lat,lon,"(732, 192, 384)",proleptic_gregorian,,
AWI-CM-1-1-MR,ssp126,sfcWind,sfcWind_Amon_AWI-CM-1-1-MR_ssp126_r1i1p1f1_204001-210012.nc,OK,149.13793277740479,732,732,2040-01,2100-12,0,0,,,lat,lon,"(732, 192, 384)",proleptic_gregorian,,
AWI-CM-1-1-MR,ssp126,tas,tas_Amon_AWI-CM-1-1-MR_ssp126_r1i1p1f1_204001-210012.nc,OK,113.10799312591553,732,732,2040-01,2100-12,0,0,,,lat,lon,"(732, 192, 384)",proleptic_gregorian,,
AWI-CM-1-1-MR,ssp245,rsds,rsds_Amon_AWI-CM-1-1-MR_ssp245_r1i1p1f1_204001-210012.nc,OK,140.08443927764893,732,732,2040-01,2100-12,0,0,,,lat,lon,"(732, 192, 384)",proleptic_gregorian,,
AWI-CM-1-1-MR,ssp245,sfcWind,sfcWind_Amon_AWI-CM-1-1-MR_ssp245_r1i1p1f1_204001-210012.nc,OK,149.11850452423096,732,732,2040-01,2100-12,0,0,,,lat,lon,"(732, 192, 384)",proleptic_gregorian,,
AWI-CM-1-1-MR,ssp245,tas,tas_Amon_AWI-CM-1-1-MR_ssp245_r1i1p1f1_204001-210012.nc,OK,113.02117729187012,732,732,2040-01,2100-12,0,0,,,lat,lon,"(732, 192, 384)",proleptic_gregorian,,
AWI-CM-1-1-MR,ssp585,rsds,rsds_Amon_AWI-CM-1-1-MR_ssp585_r1i1p1f1_204001-210012.nc,OK,140.23363971710205,732,732,2040-01,2100-12,0,0,,,lat,lon,"(732, 192, 384)",proleptic_gregorian,,
AWI-CM-1-1-MR,ssp585,sfcWind,sfcWind_Amon_AWI-CM-1-1-MR_ssp585_r1i1p1f1_204001-210012.nc,OK,149.1096954345703,732,732,2040-01,2100-12,0,0,,,lat,lon,"(732, 192, 384)",proleptic_gregorian,,
AWI-CM-1-1-MR,ssp585,tas,tas_Amon_AWI-CM-1-1-MR_ssp585_r1i1p1f1_204001-210012.nc,OK,112.95140838623047,732,732,2040-01,2100-12,0,0,,,lat,lon,"(732, 192, 384)",proleptic_gregorian,,
BCC-CSM2-MR,historical,rsds,rsds_Amon_BCC-CSM2-MR_historical_r1i1p1f1_199401-201412.nc,OK,33.58804225921631,252,252,1994-01,2014-12,0,0,,,lat,lon,"(252, 160, 320)",365_day,,
BCC-CSM2-MR,historical,sfcWind,sfcWind_Amon_BCC-CSM2-MR_historical_r1i1p1f1_199401-201412.nc,OK,35.47037315368652,252,252,1994-01,2014-12,0,0,,,lat,lon,"(252, 160, 320)",365_day,,
BCC-CSM2-MR,historical,tas,tas_Amon_BCC-CSM2-MR_historical_r1i1p1f1_199401-201412.nc,OK,26.955093383789062,252,252,1994-01,2014-12,0,0,,,lat,lon,"(252, 160, 320)",365_day,,
BCC-CSM2-MR,ssp126,rsds,rsds_Amon_BCC-CSM2-MR_ssp126_r1i1p1f1_204001-210012.nc,OK,97.56100940704346,732,732,2040-01,2100-12,0,0,,,lat,lon,"(732, 160, 320)",365_day,,
BCC-CSM2-MR,ssp126,sfcWind,sfcWind_Amon_BCC-CSM2-MR_ssp126_r1i1p1f1_204001-210012.nc,OK,102.81696701049805,732,732,2040-01,2100-12,0,0,,,lat,lon,"(732, 160, 320)",365_day,,
BCC-CSM2-MR,ssp126,tas,tas_Amon_BCC-CSM2-MR_ssp126_r1i1p1f1_204001-210012.nc,OK,78.13309383392334,732,732,2040-01,2100-12,0,0,,,lat,lon,"(732, 160, 320)",365_day,,
BCC-CSM2-MR,ssp245,rsds,rsds_Amon_BCC-CSM2-MR_ssp245_r1i1p1f1_204001-210012.nc,OK,97.59216117858887,732,732,2040-01,2100-12,0,0,,,lat,lon,"(732, 160, 320)",365_day,,
BCC-CSM2-MR,ssp245,sfcWind,sfcWind_Amon_BCC-CSM2-MR_ssp245_r1i1p1f1_204001-210012.nc,OK,102.75115394592285,732,732,2040-01,2100-12,0,0,,,lat,lon,"(732, 160, 320)",365_day,,
BCC-CSM2-MR,ssp245,tas,tas_Amon_BCC-CSM2-MR_ssp245_r1i1p1f1_204001-210012.nc,OK,78.07844924926758,732,732,2040-01,2100-12,0,0,,,lat,lon,"(732, 160, 320)",365_day,,
BCC-CSM2-MR,ssp585,rsds,rsds_Amon_BCC-CSM2-MR_ssp585_r1i1p1f1_204001-210012.nc,OK,97.67017841339111,732,732,2040-01,2100-12,0,0,,,lat,lon,"(732, 160, 320)",365_day,,
BCC-CSM2-MR,ssp585,sfcWind,sfcWind_Amon_BCC-CSM2-MR_ssp585_r1i1p1f1_204001-210012.nc,OK,102.57286930084229,732,732,2040-01,2100-12,0,0,,,lat,lon,"(732, 160, 320)",365_day,,
BCC-CSM2-MR,ssp585,tas,tas_Amon_BCC-CSM2-MR_ssp585_r1i1p1f1_204001-210012.nc,OK,77.9801778793335,732,732,2040-01,2100-12,0,0,,,lat,lon,"(732, 160, 320)",365_day,,
CanESM5,historical,rsds,rsds_Amon_CanESM5_historical_r1i1p1f1_199401-201412.nc,OK,5.633477210998535,252,252,1994-01,2014-12,0,0,,,lat,lon,"(252, 64, 128)",365_day,,
CanESM5,historical,sfcWind,sfcWind_Amon_CanESM5_historical_r1i1p1f1_199401-201412.nc,OK,6.128818511962891,252,252,1994-01,2014-12,0,0,,,lat,lon,"(252, 64, 128)",365_day,,
CanESM5,historical,tas,tas_Amon_CanESM5_historical_r1i1p1f1_199401-201412.nc,OK,4.63552188873291,252,252,1994-01,2014-12,0,0,,,lat,lon,"(252, 64, 128)",365_day,,
CanESM5,ssp126,rsds,rsds_Amon_CanESM5_ssp126_r1i1p1f1_204001-210012.nc,OK,16.30094814300537,732,732,2040-01,2100-12,0,0,,,lat,lon,"(732, 64, 128)",365_day,,
CanESM5,ssp126,sfcWind,sfcWind_Amon_CanESM5_ssp126_r1i1p1f1_204001-210012.nc,OK,17.74244213104248,732,732,2040-01,2100-12,0,0,,,lat,lon,"(732, 64, 128)",365_day,,
CanESM5,ssp126,tas,tas_Amon_CanESM5_ssp126_r1i1p1f1_204001-210012.nc,OK,13.361800193786621,732,732,2040-01,2100-12,0,0,,,lat,lon,"(732, 64, 128)",365_day,,
CanESM5,ssp245,rsds,rsds_Amon_CanESM5_ssp245_r1i1p1f1_204001-210012.nc,OK,16.30973720550537,732,732,2040-01,2100-12,0,0,,,lat,lon,"(732, 64, 128)",365_day,,
CanESM5,ssp245,sfcWind,sfcWind_Amon_CanESM5_ssp245_r1i1p1f1_204001-210012.nc,OK,17.733439445495605,732,732,2040-01,2100-12,0,0,,,lat,lon,"(732, 64, 128)",365_day,,
CanESM5,ssp245,tas,tas_Amon_CanESM5_ssp245_r1i1p1f1_204001-210012.nc,OK,13.346086502075195,732,732,2040-01,2100-12,0,0,,,lat,lon,"(732, 64, 128)",365_day,,
CanESM5,ssp585,rsds,rsds_Amon_CanESM5_ssp585_r1i1p1f1_204001-210012.nc,OK,16.3228120803833,732,732,2040-01,2100-12,0,0,,,lat,lon,"(732, 64, 128)",365_day,,
CanESM5,ssp585,sfcWind,sfcWind_Amon_CanESM5_ssp585_r1i1p1f1_204001-210012.nc,OK,17.720565795898438,732,732,2040-01,2100-12,0,0,,,lat,lon,"(732, 64, 128)",365_day,,
CanESM5,ssp585,tas,tas_Amon_CanESM5_ssp585_r1i1p1f1_204001-210012.nc,OK,13.31152629852295,732,732,2040-01,2100-12,0,0,,,lat,lon,"(732, 64, 128)",365_day,,
CESM2-WACCM,historical,rsds,rsds_Amon_CESM2-WACCM_historical_r1i1p1f1_199401-201412.nc,OK,36.04263782501221,252,252,1994-01,2014-12,0,0,,,lat,lon,"(252, 192, 288)",noleap,,
CESM2-WACCM,historical,sfcWind,sfcWind_Amon_CESM2-WACCM_historical_r1i1p1f1_199401-201412.nc,OK,38.28822994232178,252,252,1994-01,2014-12,0,0,,,lat,lon,"(252, 192, 288)",noleap,,
CESM2-WACCM,historical,tas,tas_Amon_CESM2-WACCM_historical_r1i1p1f1_199401-201412.nc,OK,29.261512756347656,252,252,1994-01,2014-12,0,0,,,lat,lon,"(252, 192, 288)",noleap,,
CESM2-WACCM,ssp126,rsds,rsds_Amon_CESM2-WACCM_ssp126_r1i1p1f1_204001-210012.nc,OK,104.32100296020508,732,732,2040-01,2100-12,0,0,,,lat,lon,"(732, 192, 288)",noleap,,
CESM2-WACCM,ssp126,sfcWind,sfcWind_Amon_CESM2-WACCM_ssp126_r1i1p1f1_204001-210012.nc,OK,111.1131238937378,732,732,2040-01,2100-12,0,0,,,lat,lon,"(732, 192, 288)",noleap,,
CESM2-WACCM,ssp126,tas,tas_Amon_CESM2-WACCM_ssp126_r1i1p1f1_204001-210012.nc,OK,84.76347351074219,732,732,2040-01,2100-12,0,0,,,lat,lon,"(732, 192, 288)",noleap,,
CESM2-WACCM,ssp245,rsds,rsds_Amon_CESM2-WACCM_ssp245_r1i1p1f1_204001-210012.nc,OK,104.45274543762207,732,732,2040-01,2100-12,0,0,,,lat,lon,"(732, 192, 288)",noleap,,
CESM2-WACCM,ssp245,sfcWind,sfcWind_Amon_CESM2-WACCM_ssp245_r1i1p1f1_204001-210012.nc,OK,111.05638694763184,732,732,2040-01,2100-12,0,0,,,lat,lon,"(732, 192, 288)",noleap,,
CESM2-WACCM,ssp245,tas,tas_Amon_CESM2-WACCM_ssp245_r1i1p1f1_204001-210012.nc,OK,84.66259098052979,732,732,2040-01,2100-12,0,0,,,lat,lon,"(732, 192, 288)",noleap,,
CESM2-WACCM,ssp585,rsds,rsds_Amon_CESM2-WACCM_ssp585_r1i1p1f1_204001-210012.nc,OK,104.49893283843994,732,732,2040-01,2100-12,0,0,,,lat,lon,"(732, 192, 288)",noleap,,
CESM2-WACCM,ssp585,sfcWind,sfcWind_Amon_CESM2-WACCM_ssp585_r1i1p1f1_204001-210012.nc,OK,110.99421119689941,732,732,2040-01,2100-12,0,0,,,lat,lon,"(732, 192, 288)",noleap,,
CESM2-WACCM,ssp585,tas,tas_Amon_CESM2-WACCM_ssp585_r1i1p1f1_204001-210012.nc,OK,84.48987674713135,732,732,2040-01,2100-12,0,0,,,lat,lon,"(732, 192, 288)",noleap,,
CMCC-CM2-SR5,historical,rsds,rsds_Amon_CMCC-CM2-SR5_historical_r1i1p1f1_199401-201412.nc,OK,35.983877182006836,252,252,1994-01,2014-12,0,0,,,lat,lon,"(252, 192, 288)",365_day,,
CMCC-CM2-SR5,historical,sfcWind,sfcWind_Amon_CMCC-CM2-SR5_historical_r1i1p1f1_199401-201412.nc,OK,38.82132530212402,252,252,1994-01,2014-12,0,0,,,lat,lon,"(252, 192, 288)",365_day,,
CMCC-CM2-SR5,historical,tas,tas_Amon_CMCC-CM2-SR5_historical_r1i1p1f1_199401-201412.nc,OK,29.51079273223877,252,252,1994-01,2014-12,0,0,,,lat,lon,"(252, 192, 288)",365_day,,
CMCC-CM2-SR5,ssp126,rsds,rsds_Amon_CMCC-CM2-SR5_ssp126_r1i1p1f1_204001-210012.nc,OK,104.33842658996582,732,732,2040-01,2100-12,0,0,,,lat,lon,"(732, 192, 288)",365_day,,
CMCC-CM2-SR5,ssp126,sfcWind,sfcWind_Amon_CMCC-CM2-SR5_ssp126_r1i1p1f1_204001-210012.nc,OK,112.60393905639648,732,732,2040-01,2100-12,0,0,,,lat,lon,"(732, 192, 288)",365_day,,
CMCC-CM2-SR5,ssp126,tas,tas_Amon_CMCC-CM2-SR5_ssp126_r1i1p1f1_204001-210012.nc,OK,85.49134159088135,732,732,2040-01,2100-12,0,0,,,lat,lon,"(732, 192, 288)",365_day,,
CMCC-CM2-SR5,ssp245,rsds,rsds_Amon_CMCC-CM2-SR5_ssp245_r1i1p1f1_204001-210012.nc,OK,104.52316570281982,732,732,2040-01,2100-12,0,0,,,lat,lon,"(732, 192, 288)",365_day,,
CMCC-CM2-SR5,ssp245,sfcWind,sfcWind_Amon_CMCC-CM2-SR5_ssp245_r1i1p1f1_204001-210012.nc,OK,112.63530731201172,732,732,2040-01,2100-12,0,0,,,lat,lon,"(732, 192, 288)",365_day,,
CMCC-CM2-SR5,ssp245,tas,tas_Amon_CMCC-CM2-SR5_ssp245_r1i1p1f1_204001-210012.nc,OK,85.46584606170654,732,732,2040-01,2100-12,0,0,,,lat,lon,"(732, 192, 288)",365_day,,
CMCC-CM2-SR5,ssp585,rsds,rsds_Amon_CMCC-CM2-SR5_ssp585_r1i1p1f1_204001-210012.nc,OK,104.60549449920654,732,732,2040-01,2100-12,0,0,,,lat,lon,"(732, 192, 288)",365_day,,
CMCC-CM2-SR5,ssp585,sfcWind,sfcWind_Amon_CMCC-CM2-SR5_ssp585_r1i1p1f1_204001-210012.nc,OK,112.58180046081543,732,732,2040-01,2100-12,0,0,,,lat,lon,"(732, 192, 288)",365_day,,
CMCC-CM2-SR5,ssp585,tas,tas_Amon_CMCC-CM2-SR5_ssp585_r1i1p1f1_204001-210012.nc,OK,85.32885837554932,732,732,2040-01,2100-12,0,0,,,lat,lon,"(732, 192, 288)",365_day,,
CMCC-ESM2,historical,rsds,rsds_Amon_CMCC-ESM2_historical_r1i1p1f1_199401-201412.nc,OK,35.96250247955322,252,252,1994-01,2014-12,0,0,,,lat,lon,"(252, 192, 288)",365_day,,
CMCC-ESM2,historical,sfcWind,sfcWind_Amon_CMCC-ESM2_historical_r1i1p1f1_199401-201412.nc,OK,38.84488773345947,252,252,1994-01,2014-12,0,0,,,lat,lon,"(252, 192, 288)",365_day,,
CMCC-ESM2,historical,tas,tas_Amon_CMCC-ESM2_historical_r1i1p1f1_199401-201412.nc,OK,29.497451782226562,252,252,1994-01,2014-12,0,0,,,lat,lon,"(252, 192, 288)",365_day,,
CMCC-ESM2,ssp126,rsds,rsds_Amon_CMCC-ESM2_ssp126_r1i1p1f1_204001-210012.nc,OK,104.34082221984863,732,732,2040-01,2100-12,0,0,,,lat,lon,"(732, 192, 288)",365_day,,
CMCC-ESM2,ssp126,sfcWind,sfcWind_Amon_CMCC-ESM2_ssp126_r1i1p1f1_204001-210012.nc,OK,112.73994064331055,732,732,2040-01,2100-12,0,0,,,lat,lon,"(732, 192, 288)",365_day,,
CMCC-ESM2,ssp126,tas,tas_Amon_CMCC-ESM2_ssp126_r1i1p1f1_204001-210012.nc,OK,85.49844360351562,732,732,2040-01,2100-12,0,0,,,lat,lon,"(732, 192, 288)",365_day,,
CMCC-ESM2,ssp245,rsds,rsds_Amon_CMCC-ESM2_ssp245_r1i1p1f1_204001-210012.nc,OK,104.49420261383057,732,732,2040-01,2100-12,0,0,,,lat,lon,"(732, 192, 288)",365_day,,
CMCC-ESM2,ssp245,sfcWind,sfcWind_Amon_CMCC-ESM2_ssp245_r1i1p1f1_204001-210012.nc,OK,112.71655654907227,732,732,2040-01,2100-12,0,0,,,lat,lon,"(732, 192, 288)",365_day,,
CMCC-ESM2,ssp245,tas,tas_Amon_CMCC-ESM2_ssp245_r1i1p1f1_204001-210012.nc,OK,85.42570114135742,732,732,2040-01,2100-12,0,0,,,lat,lon,"(732, 192, 288)",365_day,,
CMCC-ESM2,ssp585,rsds,rsds_Amon_CMCC-ESM2_ssp585_r1i1p1f1_204001-210012.nc,OK,104.55990791320801,732,732,2040-01,2100-12,0,0,,,lat,lon,"(732, 192, 288)",365_day,,
CMCC-ESM2,ssp585,sfcWind,sfcWind_Amon_CMCC-ESM2_ssp585_r1i1p1f1_204001-210012.nc,OK,112.64502429962158,732,732,2040-01,2100-12,0,0,,,lat,lon,"(732, 192, 288)",365_day,,
CMCC-ESM2,ssp585,tas,tas_Amon_CMCC-ESM2_ssp585_r1i1p1f1_204001-210012.nc,OK,85.34813690185547,732,732,2040-01,2100-12,0,0,,,lat,lon,"(732, 192, 288)",365_day,,
FGOALS-f3-L,historical,rsds,rsds_Amon_FGOALS-f3-L_historical_r1i1p1f1_199401-201412.nc,OK,35.28895568847656,252,252,1994-01,2014-12,0,0,,,lat,lon,"(252, 180, 288)",365_day,,
FGOALS-f3-L,historical,sfcWind,sfcWind_Amon_FGOALS-f3-L_historical_r1i1p1f1_199401-201412.nc,OK,35.97731018066406,252,252,1994-01,2014-12,0,0,,,lat,lon,"(252, 180, 288)",365_day,,
FGOALS-f3-L,historical,tas,tas_Amon_FGOALS-f3-L_historical_r1i1p1f1_199401-201412.nc,OK,27.24342441558838,252,252,1994-01,2014-12,0,0,,,lat,lon,"(252, 180, 288)",365_day,,
FGOALS-f3-L,ssp126,rsds,rsds_Amon_FGOALS-f3-L_ssp126_r1i1p1f1_204001-210012.nc,OK,102.4712266921997,732,732,2040-01,2100-12,0,0,,,lat,lon,"(732, 180, 288)",365_day,,
FGOALS-f3-L,ssp126,sfcWind,sfcWind_Amon_FGOALS-f3-L_ssp126_r1i1p1f1_204001-210012.nc,OK,104.41170883178711,732,732,2040-01,2100-12,0,0,,,lat,lon,"(732, 180, 288)",365_day,,
FGOALS-f3-L,ssp126,tas,tas_Amon_FGOALS-f3-L_ssp126_r1i1p1f1_204001-210012.nc,OK,78.8776969909668,732,732,2040-01,2100-12,0,0,,,lat,lon,"(732, 180, 288)",365_day,,
FGOALS-f3-L,ssp245,rsds,rsds_Amon_FGOALS-f3-L_ssp245_r1i1p1f1_204001-210012.nc,OK,102.5770902633667,732,732,2040-01,2100-12,0,0,,,lat,lon,"(732, 180, 288)",365_day,,
FGOALS-f3-L,ssp245,sfcWind,sfcWind_Amon_FGOALS-f3-L_ssp245_r1i1p1f1_204001-210012.nc,OK,104.3862533569336,732,732,2040-01,2100-12,0,0,,,lat,lon,"(732, 180, 288)",365_day,,
FGOALS-f3-L,ssp245,tas,tas_Amon_FGOALS-f3-L_ssp245_r1i1p1f1_204001-210012.nc,OK,78.82654476165771,732,732,2040-01,2100-12,0,0,,,lat,lon,"(732, 180, 288)",365_day,,
FGOALS-f3-L,ssp585,rsds,rsds_Amon_FGOALS-f3-L_ssp585_r1i1p1f1_204001-210012.nc,OK,102.76340198516846,732,732,2040-01,2100-12,0,0,,,lat,lon,"(732, 180, 288)",365_day,,
FGOALS-f3-L,ssp585,sfcWind,sfcWind_Amon_FGOALS-f3-L_ssp585_r1i1p1f1_204001-210012.nc,OK,104.3062391281128,732,732,2040-01,2100-12,0,0,,,lat,lon,"(732, 180, 288)",365_day,,
FGOALS-f3-L,ssp585,tas,tas_Amon_FGOALS-f3-L_ssp585_r1i1p1f1_204001-210012.nc,OK,78.70370292663574,732,732,2040-01,2100-12,0,0,,,lat,lon,"(732, 180, 288)",365_day,,
FIO-ESM-2-0,historical,rsds,rsds_Amon_FIO-ESM-2-0_historical_r1i1p1f1_199401-201412.nc,OK,35.70279884338379,252,252,1994-01,2014-12,0,0,,,lat,lon,"(252, 192, 288)",365_day,,
FIO-ESM-2-0,historical,sfcWind,sfcWind_Amon_FIO-ESM-2-0_historical_r1i1p1f1_199401-201412.nc,OK,38.80594253540039,252,252,1994-01,2014-12,0,0,,,lat,lon,"(252, 192, 288)",365_day,,
FIO-ESM-2-0,historical,tas,tas_Amon_FIO-ESM-2-0_historical_r1i1p1f1_199401-201412.nc,OK,29.5150203704834,252,252,1994-01,2014-12,0,0,,,lat,lon,"(252, 192, 288)",365_day,,
FIO-ESM-2-0,ssp126,rsds,rsds_Amon_FIO-ESM-2-0_ssp126_r1i1p1f1_204001-210012.nc,OK,103.72013187408447,732,732,2040-01,2100-12,0,0,,,lat,lon,"(732, 192, 288)",365_day,,
FIO-ESM-2-0,ssp126,sfcWind,sfcWind_Amon_FIO-ESM-2-0_ssp126_r1i1p1f1_204001-210012.nc,OK,112.60797786712646,732,732,2040-01,2100-12,0,0,,,lat,lon,"(732, 192, 288)",365_day,,
FIO-ESM-2-0,ssp126,tas,tas_Amon_FIO-ESM-2-0_ssp126_r1i1p1f1_204001-210012.nc,OK,85.45647144317627,732,732,2040-01,2100-12,0,0,,,lat,lon,"(732, 192, 288)",365_day,,
FIO-ESM-2-0,ssp245,rsds,rsds_Amon_FIO-ESM-2-0_ssp245_r1i1p1f1_204001-210012.nc,OK,103.71773052215576,732,732,2040-01,2100-12,0,0,,,lat,lon,"(732, 192, 288)",365_day,,
FIO-ESM-2-0,ssp245,sfcWind,sfcWind_Amon_FIO-ESM-2-0_ssp245_r1i1p1f1_204001-210012.nc,OK,112.55979442596436,732,732,2040-01,2100-12,0,0,,,lat,lon,"(732, 192, 288)",365_day,,
FIO-ESM-2-0,ssp245,tas,tas_Amon_FIO-ESM-2-0_ssp245_r1i1p1f1_204001-210012.nc,OK,85.33887004852295,732,732,2040-01,2100-12,0,0,,,lat,lon,"(732, 192, 288)",365_day,,
FIO-ESM-2-0,ssp585,rsds,rsds_Amon_FIO-ESM-2-0_ssp585_r1i1p1f1_204001-210012.nc,OK,103.76933670043945,732,732,2040-01,2100-12,0,0,,,lat,lon,"(732, 192, 288)",365_day,,
FIO-ESM-2-0,ssp585,sfcWind,sfcWind_Amon_FIO-ESM-2-0_ssp585_r1i1p1f1_204001-210012.nc,OK,112.47144985198975,732,732,2040-01,2100-12,0,0,,,lat,lon,"(732, 192, 288)",365_day,,
FIO-ESM-2-0,ssp585,tas,tas_Amon_FIO-ESM-2-0_ssp585_r1i1p1f1_204001-210012.nc,OK,85.14012241363525,732,732,2040-01,2100-12,0,0,,,lat,lon,"(732, 192, 288)",365_day,,
IPSL-CM6A-LR,historical,rsds,rsds_Amon_IPSL-CM6A-LR_historical_r1i1p1f1_199401-201412.nc,OK,13.82300090789795,252,252,1994-01,2014-12,0,0,,,lat,lon,"(252, 143, 144)",gregorian,,
IPSL-CM6A-LR,historical,sfcWind,sfcWind_Amon_IPSL-CM6A-LR_historical_r1i1p1f1_199401-201412.nc,OK,15.142939567565918,252,252,1994-01,2014-12,0,0,,,lat,lon,"(252, 143, 144)",gregorian,,
IPSL-CM6A-LR,historical,tas,tas_Amon_IPSL-CM6A-LR_historical_r1i1p1f1_199401-201412.nc,OK,11.558501243591309,252,252,1994-01,2014-12,0,0,,,lat,lon,"(252, 143, 144)",gregorian,,
IPSL-CM6A-LR,ssp126,rsds,rsds_Amon_IPSL-CM6A-LR_ssp126_r1i1p1f1_204001-210012.nc,OK,40.11608695983887,732,732,2040-01,2100-12,0,0,,,lat,lon,"(732, 143, 144)",gregorian,,
IPSL-CM6A-LR,ssp126,sfcWind,sfcWind_Amon_IPSL-CM6A-LR_ssp126_r1i1p1f1_204001-210012.nc,OK,43.89809799194336,732,732,2040-01,2100-12,0,0,,,lat,lon,"(732, 143, 144)",gregorian,,
IPSL-CM6A-LR,ssp126,tas,tas_Amon_IPSL-CM6A-LR_ssp126_r1i1p1f1_204001-210012.nc,OK,33.43247985839844,732,732,2040-01,2100-12,0,0,,,lat,lon,"(732, 143, 144)",gregorian,,
IPSL-CM6A-LR,ssp245,rsds,rsds_Amon_IPSL-CM6A-LR_ssp245_r1i1p1f1_204001-210012.nc,OK,40.1280517578125,732,732,2040-01,2100-12,0,0,,,lat,lon,"(732, 143, 144)",gregorian,,
IPSL-CM6A-LR,ssp245,sfcWind,sfcWind_Amon_IPSL-CM6A-LR_ssp245_r1i1p1f1_204001-210012.nc,OK,43.869441986083984,732,732,2040-01,2100-12,0,0,,,lat,lon,"(732, 143, 144)",gregorian,,
IPSL-CM6A-LR,ssp245,tas,tas_Amon_IPSL-CM6A-LR_ssp245_r1i1p1f1_204001-210012.nc,OK,33.392417907714844,732,732,2040-01,2100-12,0,0,,,lat,lon,"(732, 143, 144)",gregorian,,
IPSL-CM6A-LR,ssp585,rsds,rsds_Amon_IPSL-CM6A-LR_ssp585_r1i1p1f1_204001-210012.nc,OK,40.147175788879395,732,732,2040-01,2100-12,0,0,,,lat,lon,"(732, 143, 144)",gregorian,,
IPSL-CM6A-LR,ssp585,sfcWind,sfcWind_Amon_IPSL-CM6A-LR_ssp585_r1i1p1f1_204001-210012.nc,OK,43.83854293823242,732,732,2040-01,2100-12,0,0,,,lat,lon,"(732, 143, 144)",gregorian,,
IPSL-CM6A-LR,ssp585,tas,tas_Amon_IPSL-CM6A-LR_ssp585_r1i1p1f1_204001-210012.nc,OK,33.32452869415283,732,732,2040-01,2100-12,0,0,,,lat,lon,"(732, 143, 144)",gregorian,,
KACE-1-0-G,historical,rsds,rsds_Amon_KACE-1-0-G_historical_r1i1p1f1_199401-201412.nc,OK,18.36956787109375,252,252,1994-01,2014-12,0,0,,,lat,lon,"(252, 144, 192)",360_day,,
KACE-1-0-G,historical,sfcWind,sfcWind_Amon_KACE-1-0-G_historical_r1i1p1f1_199401-201412.nc,OK,17.57766056060791,252,252,1994-01,2014-12,0,0,,,lat,lon,"(252, 144, 192)",360_day,,
KACE-1-0-G,historical,tas,tas_Amon_KACE-1-0-G_historical_r1i1p1f1_199401-201412.nc,OK,13.056995391845703,252,252,1994-01,2014-12,0,0,,,lat,lon,"(252, 144, 192)",360_day,,
KACE-1-0-G,ssp126,rsds,rsds_Amon_KACE-1-0-G_ssp126_r1i1p1f1_204001-210012.nc,OK,53.218682289123535,732,732,2040-01,2100-12,0,0,,,lat,lon,"(732, 144, 192)",360_day,,
KACE-1-0-G,ssp126,sfcWind,sfcWind_Amon_KACE-1-0-G_ssp126_r1i1p1f1_204001-210012.nc,OK,50.979530334472656,732,732,2040-01,2100-12,0,0,,,lat,lon,"(732, 144, 192)",360_day,,
KACE-1-0-G,ssp126,tas,tas_Amon_KACE-1-0-G_ssp126_r1i1p1f1_204001-210012.nc,OK,37.75861930847168,732,732,2040-01,2100-12,0,0,,,lat,lon,"(732, 144, 192)",360_day,,
KACE-1-0-G,ssp245,rsds,rsds_Amon_KACE-1-0-G_ssp245_r1i1p1f1_204001-210012.nc,OK,53.22761154174805,732,732,2040-01,2100-12,0,0,,,lat,lon,"(732, 144, 192)",360_day,,
KACE-1-0-G,ssp245,sfcWind,sfcWind_Amon_KACE-1-0-G_ssp245_r1i1p1f1_204001-210012.nc,OK,50.950910568237305,732,732,2040-01,2100-12,0,0,,,lat,lon,"(732, 144, 192)",360_day,,
KACE-1-0-G,ssp245,tas,tas_Amon_KACE-1-0-G_ssp245_r1i1p1f1_204001-210012.nc,OK,37.71359443664551,732,732,2040-01,2100-12,0,0,,,lat,lon,"(732, 144, 192)",360_day,,
KACE-1-0-G,ssp585,rsds,rsds_Amon_KACE-1-0-G_ssp585_r1i1p1f1_204001-210012.nc,OK,53.23537635803223,732,732,2040-01,2100-12,0,0,,,lat,lon,"(732, 144, 192)",360_day,,
KACE-1-0-G,ssp585,sfcWind,sfcWind_Amon_KACE-1-0-G_ssp585_r1i1p1f1_204001-210012.nc,OK,50.93887138366699,732,732,2040-01,2100-12,0,0,,,lat,lon,"(732, 144, 192)",360_day,,
KACE-1-0-G,ssp585,tas,tas_Amon_KACE-1-0-G_ssp585_r1i1p1f1_204001-210012.nc,OK,37.657806396484375,732,732,2040-01,2100-12,0,0,,,lat,lon,"(732, 144, 192)",360_day,,
MPI-ESM1-2-HR,historical,rsds,rsds_Amon_MPI-ESM1-2-HR_historical_r1i1p1f1_199401-201412.nc,OK,31.64095687866211,252,252,1994-01,2014-12,0,0,,,lat,lon,"(252, 192, 384)",proleptic_gregorian,,
MPI-ESM1-2-HR,historical,sfcWind,sfcWind_Amon_MPI-ESM1-2-HR_historical_r1i1p1f1_199401-201412.nc,OK,34.74718761444092,252,252,1994-01,2014-12,0,0,,,lat,lon,"(252, 192, 384)",proleptic_gregorian,,
MPI-ESM1-2-HR,historical,tas,tas_Amon_MPI-ESM1-2-HR_historical_r1i1p1f1_199401-201412.nc,OK,27.226917266845703,252,252,1994-01,2014-12,0,0,,,lat,lon,"(252, 192, 384)",proleptic_gregorian,,
MPI-ESM1-2-HR,ssp126,rsds,rsds_Amon_MPI-ESM1-2-HR_ssp126_r1i1p1f1_204001-210012.nc,OK,91.8900032043457,732,732,2040-01,2100-12,0,0,,,lat,lon,"(732, 192, 384)",proleptic_gregorian,,
MPI-ESM1-2-HR,ssp126,sfcWind,sfcWind_Amon_MPI-ESM1-2-HR_ssp126_r1i1p1f1_204001-210012.nc,OK,100.81385326385498,732,732,2040-01,2100-12,0,0,,,lat,lon,"(732, 192, 384)",proleptic_gregorian,,
MPI-ESM1-2-HR,ssp126,tas,tas_Amon_MPI-ESM1-2-HR_ssp126_r1i1p1f1_204001-210012.nc,OK,79.01550960540771,732,732,2040-01,2100-12,0,0,,,lat,lon,"(732, 192, 384)",proleptic_gregorian,,
MPI-ESM1-2-HR,ssp245,rsds,rsds_Amon_MPI-ESM1-2-HR_ssp245_r1i1p1f1_204001-210012.nc,OK,91.90555381774902,732,732,2040-01,2100-12,0,0,,,lat,lon,"(732, 192, 384)",proleptic_gregorian,,
MPI-ESM1-2-HR,ssp245,sfcWind,sfcWind_Amon_MPI-ESM1-2-HR_ssp245_r1i1p1f1_204001-210012.nc,OK,100.5540599822998,732,732,2040-01,2100-12,0,0,,,lat,lon,"(732, 192, 384)",proleptic_gregorian,,
MPI-ESM1-2-HR,ssp245,tas,tas_Amon_MPI-ESM1-2-HR_ssp245_r1i1p1f1_204001-210012.nc,OK,78.96706771850586,732,732,2040-01,2100-12,0,0,,,lat,lon,"(732, 192, 384)",proleptic_gregorian,,
MPI-ESM1-2-HR,ssp585,rsds,rsds_Amon_MPI-ESM1-2-HR_ssp585_r1i1p1f1_204001-210012.nc,OK,92.05097770690918,732,732,2040-01,2100-12,0,0,,,lat,lon,"(732, 192, 384)",proleptic_gregorian,,
MPI-ESM1-2-HR,ssp585,sfcWind,sfcWind_Amon_MPI-ESM1-2-HR_ssp585_r1i1p1f1_204001-210012.nc,OK,100.53398704528809,732,732,2040-01,2100-12,0,0,,,lat,lon,"(732, 192, 384)",proleptic_gregorian,,
MPI-ESM1-2-HR,ssp585,tas,tas_Amon_MPI-ESM1-2-HR_ssp585_r1i1p1f1_204001-210012.nc,OK,78.9218521118164,732,732,2040-01,2100-12,0,0,,,lat,lon,"(732, 192, 384)",proleptic_gregorian,,
MPI-ESM1-2-LR,historical,rsds,rsds_Amon_MPI-ESM1-2-LR_historical_r1i1p1f1_199401-201412.nc,OK,8.644880294799805,252,252,1994-01,2014-12,0,0,,,lat,lon,"(252, 96, 192)",proleptic_gregorian,,
MPI-ESM1-2-LR,historical,sfcWind,sfcWind_Amon_MPI-ESM1-2-LR_historical_r1i1p1f1_199401-201412.nc,OK,9.546953201293945,252,252,1994-01,2014-12,0,0,,,lat,lon,"(252, 96, 192)",proleptic_gregorian,,
MPI-ESM1-2-LR,historical,tas,tas_Amon_MPI-ESM1-2-LR_historical_r1i1p1f1_199401-201412.nc,OK,7.630456924438477,252,252,1994-01,2014-12,0,0,,,lat,lon,"(252, 96, 192)",proleptic_gregorian,,
MPI-ESM1-2-LR,ssp126,rsds,rsds_Amon_MPI-ESM1-2-LR_ssp126_r1i1p1f1_204001-210012.nc,OK,25.04256820678711,732,732,2040-01,2100-12,0,0,,,lat,lon,"(732, 96, 192)",proleptic_gregorian,,
MPI-ESM1-2-LR,ssp126,sfcWind,sfcWind_Amon_MPI-ESM1-2-LR_ssp126_r1i1p1f1_204001-210012.nc,OK,27.65233039855957,732,732,2040-01,2100-12,0,0,,,lat,lon,"(732, 96, 192)",proleptic_gregorian,,
MPI-ESM1-2-LR,ssp126,tas,tas_Amon_MPI-ESM1-2-LR_ssp126_r1i1p1f1_204001-210012.nc,OK,22.085710525512695,732,732,2040-01,2100-12,0,0,,,lat,lon,"(732, 96, 192)",proleptic_gregorian,,
MPI-ESM1-2-LR,ssp245,rsds,rsds_Amon_MPI-ESM1-2-LR_ssp245_r1i1p1f1_204001-210012.nc,OK,25.0576171875,732,732,2040-01,2100-12,0,0,,,lat,lon,"(732, 96, 192)",proleptic_gregorian,,
MPI-ESM1-2-LR,ssp245,sfcWind,sfcWind_Amon_MPI-ESM1-2-LR_ssp245_r1i1p1f1_204001-210012.nc,OK,27.621207237243652,732,732,2040-01,2100-12,0,0,,,lat,lon,"(732, 96, 192)",proleptic_gregorian,,
MPI-ESM1-2-LR,ssp245,tas,tas_Amon_MPI-ESM1-2-LR_ssp245_r1i1p1f1_204001-210012.nc,OK,22.073262214660645,732,732,2040-01,2100-12,0,0,,,lat,lon,"(732, 96, 192)",proleptic_gregorian,,
MPI-ESM1-2-LR,ssp585,rsds,rsds_Amon_MPI-ESM1-2-LR_ssp585_r1i1p1f1_204001-210012.nc,OK,25.067705154418945,732,732,2040-01,2100-12,0,0,,,lat,lon,"(732, 96, 192)",proleptic_gregorian,,
MPI-ESM1-2-LR,ssp585,sfcWind,sfcWind_Amon_MPI-ESM1-2-LR_ssp585_r1i1p1f1_204001-210012.nc,OK,27.599909782409668,732,732,2040-01,2100-12,0,0,,,lat,lon,"(732, 96, 192)",proleptic_gregorian,,
MPI-ESM1-2-LR,ssp585,tas,tas_Amon_MPI-ESM1-2-LR_ssp585_r1i1p1f1_204001-210012.nc,OK,22.05345058441162,732,732,2040-01,2100-12,0,0,,,lat,lon,"(732, 96, 192)",proleptic_gregorian,,
MRI-ESM2-0,historical,rsds,rsds_Amon_MRI-ESM2-0_historical_r1i1p1f1_199401-201412.nc,OK,32.79534912109375,252,252,1994-01,2014-12,0,0,,,lat,lon,"(252, 160, 320)",proleptic_gregorian,,
MRI-ESM2-0,historical,sfcWind,sfcWind_Amon_MRI-ESM2-0_historical_r1i1p1f1_199401-201412.nc,OK,35.807223320007324,252,252,1994-01,2014-12,0,0,,,lat,lon,"(252, 160, 320)",proleptic_gregorian,,
MRI-ESM2-0,historical,tas,tas_Amon_MRI-ESM2-0_historical_r1i1p1f1_199401-201412.nc,OK,27.030396461486816,252,252,1994-01,2014-12,0,0,,,lat,lon,"(252, 160, 320)",proleptic_gregorian,,
MRI-ESM2-0,ssp126,rsds,rsds_Amon_MRI-ESM2-0_ssp126_r1i1p1f1_204001-210012.nc,OK,95.06282997131348,732,732,2040-01,2100-12,0,0,,,lat,lon,"(732, 160, 320)",proleptic_gregorian,,
MRI-ESM2-0,ssp126,sfcWind,sfcWind_Amon_MRI-ESM2-0_ssp126_r1i1p1f1_204001-210012.nc,OK,103.91841793060303,732,732,2040-01,2100-12,0,0,,,lat,lon,"(732, 160, 320)",proleptic_gregorian,,
MRI-ESM2-0,ssp126,tas,tas_Amon_MRI-ESM2-0_ssp126_r1i1p1f1_204001-210012.nc,OK,78.33214855194092,732,732,2040-01,2100-12,0,0,,,lat,lon,"(732, 160, 320)",proleptic_gregorian,,
MRI-ESM2-0,ssp245,rsds,rsds_Amon_MRI-ESM2-0_ssp245_r1i1p1f1_204001-210012.nc,OK,95.18424606323242,732,732,2040-01,2100-12,0,0,,,lat,lon,"(732, 160, 320)",proleptic_gregorian,,
MRI-ESM2-0,ssp245,sfcWind,sfcWind_Amon_MRI-ESM2-0_ssp245_r1i1p1f1_204001-210012.nc,OK,103.89726257324219,732,732,2040-01,2100-12,0,0,,,lat,lon,"(732, 160, 320)",proleptic_gregorian,,
MRI-ESM2-0,ssp245,tas,tas_Amon_MRI-ESM2-0_ssp245_r1i1p1f1_204001-210012.nc,OK,78.22545623779297,732,732,2040-01,2100-12,0,0,,,lat,lon,"(732, 160, 320)",proleptic_gregorian,,
MRI-ESM2-0,ssp585,rsds,rsds_Amon_MRI-ESM2-0_ssp585_r1i1p1f1_204001-210012.nc,OK,95.29682064056396,732,732,2040-01,2100-12,0,0,,,lat,lon,"(732, 160, 320)",proleptic_gregorian,,
MRI-ESM2-0,ssp585,sfcWind,sfcWind_Amon_MRI-ESM2-0_ssp585_r1i1p1f1_204001-210012.nc,OK,103.84809017181396,732,732,2040-01,2100-12,0,0,,,lat,lon,"(732, 160, 320)",proleptic_gregorian,,
MRI-ESM2-0,ssp585,tas,tas_Amon_MRI-ESM2-0_ssp585_r1i1p1f1_204001-210012.nc,OK,78.13477802276611,732,732,2040-01,2100-12,0,0,,,lat,lon,"(732, 160, 320)",proleptic_gregorian,,
TaiESM1,historical,rsds,rsds_Amon_TaiESM1_historical_r1i1p1f1_199401-201412.nc,OK,35.91055488586426,252,252,1994-01,2014-12,0,0,,,lat,lon,"(252, 192, 288)",noleap,,
TaiESM1,historical,sfcWind,sfcWind_Amon_TaiESM1_historical_r1i1p1f1_199401-201412.nc,OK,38.83609199523926,252,252,1994-01,2014-12,0,0,,,lat,lon,"(252, 192, 288)",noleap,,
TaiESM1,historical,tas,tas_Amon_TaiESM1_historical_r1i1p1f1_199401-201412.nc,OK,29.603205680847168,252,252,1994-01,2014-12,0,0,,,lat,lon,"(252, 192, 288)",noleap,,
TaiESM1,ssp126,rsds,rsds_Amon_TaiESM1_ssp126_r1i1p1f1_204001-210012.nc,OK,103.88567066192627,732,732,2040-01,2100-12,0,0,,,lat,lon,"(732, 192, 288)",noleap,,
TaiESM1,ssp126,sfcWind,sfcWind_Amon_TaiESM1_ssp126_r1i1p1f1_204001-210012.nc,OK,112.60845756530762,732,732,2040-01,2100-12,0,0,,,lat,lon,"(732, 192, 288)",noleap,,
TaiESM1,ssp126,tas,tas_Amon_TaiESM1_ssp126_r1i1p1f1_204001-210012.nc,OK,85.64269733428955,732,732,2040-01,2100-12,0,0,,,lat,lon,"(732, 192, 288)",noleap,,
TaiESM1,ssp245,rsds,rsds_Amon_TaiESM1_ssp245_r1i1p1f1_204001-210012.nc,OK,104.0242166519165,732,732,2040-01,2100-12,0,0,,,lat,lon,"(732, 192, 288)",noleap,,
TaiESM1,ssp245,sfcWind,sfcWind_Amon_TaiESM1_ssp245_r1i1p1f1_204001-210012.nc,OK,112.57683181762695,732,732,2040-01,2100-12,0,0,,,lat,lon,"(732, 192, 288)",noleap,,
TaiESM1,ssp245,tas,tas_Amon_TaiESM1_ssp245_r1i1p1f1_204001-210012.nc,OK,85.57324314117432,732,732,2040-01,2100-12,0,0,,,lat,lon,"(732, 192, 288)",noleap,,
TaiESM1,ssp585,rsds,rsds_Amon_TaiESM1_ssp585_r1i1p1f1_204001-210012.nc,OK,104.12501621246338,732,732,2040-01,2100-12,0,0,,,lat,lon,"(732, 192, 288)",noleap,,
TaiESM1,ssp585,sfcWind,sfcWind_Amon_TaiESM1_ssp585_r1i1p1f1_204001-210012.nc,OK,112.48310852050781,732,732,2040-01,2100-12,0,0,,,lat,lon,"(732, 192, 288)",noleap,,
TaiESM1,ssp585,tas,tas_Amon_TaiESM1_ssp585_r1i1p1f1_204001-210012.nc,OK,85.37813949584961,732,732,2040-01,2100-12,0,0,,,lat,lon,"(732, 192, 288)",noleap,,
