model,experiment,variable,file_count,status,raw_month_count,unique_month_count,target_expected_months,target_available_months,target_start,target_end,available_start,available_end,missing_month_count,duplicate_month_count,missing_months,duplicate_months,error_type,error_message
ACCESS-CM2,historical,rsds,1,OK,1980,1980,252,252,1994-01,2014-12,1850-01,2014-12,0,0,,,,
ACCESS-CM2,historical,sfcWind,1,OK,1980,1980,252,252,1994-01,2014-12,1850-01,2014-12,0,0,,,,
ACCESS-CM2,historical,tas,1,OK,1980,1980,252,252,1994-01,2014-12,1850-01,2014-12,0,0,,,,
ACCESS-CM2,ssp126,rsds,1,OK,1032,1032,732,732,2040-01,2100-12,2015-01,2100-12,0,0,,,,
ACCESS-CM2,ssp126,sfcWind,1,OK,1032,1032,732,732,2040-01,2100-12,2015-01,2100-12,0,0,,,,
ACCESS-CM2,ssp126,tas,1,OK,1032,1032,732,732,2040-01,2100-12,2015-01,2100-12,0,0,,,,
ACCESS-CM2,ssp245,rsds,1,OK,1032,1032,732,732,2040-01,2100-12,2015-01,2100-12,0,0,,,,
ACCESS-CM2,ssp245,sfcWind,1,OK,1032,1032,732,732,2040-01,2100-12,2015-01,2100-12,0,0,,,,
ACCESS-CM2,ssp245,tas,1,OK,1032,1032,732,732,2040-01,2100-12,2015-01,2100-12,0,0,,,,
ACCESS-CM2,ssp585,rsds,1,OK,1032,1032,732,732,2040-01,2100-12,2015-01,2100-12,0,0,,,,
ACCESS-CM2,ssp585,sfcWind,1,OK,1032,1032,732,732,2040-01,2100-12,2015-01,2100-12,0,0,,,,
ACCESS-CM2,ssp585,tas,1,OK,1032,1032,732,732,2040-01,2100-12,2015-01,2100-12,0,0,,,,
ACCESS-ESM1-5,historical,rsds,1,OK,1980,1980,252,252,1994-01,2014-12,1850-01,2014-12,0,0,,,,
ACCESS-ESM1-5,historical,sfcWind,1,OK,1980,1980,252,252,1994-01,2014-12,1850-01,2014-12,0,0,,,,
ACCESS-ESM1-5,historical,tas,1,OK,1980,1980,252,252,1994-01,2014-12,1850-01,2014-12,0,0,,,,
ACCESS-ESM1-5,ssp126,rsds,1,OK,1032,1032,732,732,2040-01,2100-12,2015-01,2100-12,0,0,,,,
ACCESS-ESM1-5,ssp126,sfcWind,1,OK,1032,1032,732,732,2040-01,2100-12,2015-01,2100-12,0,0,,,,
ACCESS-ESM1-5,ssp126,tas,1,OK,1032,1032,732,732,2040-01,2100-12,2015-01,2100-12,0,0,,,,
ACCESS-ESM1-5,ssp245,rsds,1,OK,1032,1032,732,732,2040-01,2100-12,2015-01,2100-12,0,0,,,,
ACCESS-ESM1-5,ssp245,sfcWind,1,OK,1032,1032,732,732,2040-01,2100-12,2015-01,2100-12,0,0,,,,
ACCESS-ESM1-5,ssp245,tas,1,OK,1032,1032,732,732,2040-01,2100-12,2015-01,2100-12,0,0,,,,
ACCESS-ESM1-5,ssp585,rsds,1,OK,1032,1032,732,732,2040-01,2100-12,2015-01,2100-12,0,0,,,,
ACCESS-ESM1-5,ssp585,sfcWind,1,OK,1032,1032,732,732,2040-01,2100-12,2015-01,2100-12,0,0,,,,
ACCESS-ESM1-5,ssp585,tas,1,OK,1032,1032,732,732,2040-01,2100-12,2015-01,2100-12,0,0,,,,
AWI-CM-1-1-MR,historical,rsds,21,OK,252,252,252,252,1994-01,2014-12,1994-01,2014-12,0,0,,,,
AWI-CM-1-1-MR,historical,sfcWind,21,OK,252,252,252,252,1994-01,2014-12,1994-01,2014-12,0,0,,,,
AWI-CM-1-1-MR,historical,tas,21,OK,252,252,252,252,1994-01,2014-12,1994-01,2014-12,0,0,,,,
AWI-CM-1-1-MR,ssp126,rsds,61,OK,732,732,732,732,2040-01,2100-12,2040-01,2100-12,0,0,,,,
AWI-CM-1-1-MR,ssp126,sfcWind,61,OK,732,732,732,732,2040-01,2100-12,2040-01,2100-12,0,0,,,,
AWI-CM-1-1-MR,ssp126,tas,61,OK,732,732,732,732,2040-01,2100-12,2040-01,2100-12,0,0,,,,
AWI-CM-1-1-MR,ssp245,rsds,61,OK,732,732,732,732,2040-01,2100-12,2040-01,2100-12,0,0,,,,
AWI-CM-1-1-MR,ssp245,sfcWind,61,OK,732,732,732,732,2040-01,2100-12,2040-01,2100-12,0,0,,,,
AWI-CM-1-1-MR,ssp245,tas,61,OK,732,732,732,732,2040-01,2100-12,2040-01,2100-12,0,0,,,,
AWI-CM-1-1-MR,ssp585,rsds,61,OK,732,732,732,732,2040-01,2100-12,2040-01,2100-12,0,0,,,,
AWI-CM-1-1-MR,ssp585,sfcWind,61,OK,732,732,732,732,2040-01,2100-12,2040-01,2100-12,0,0,,,,
AWI-CM-1-1-MR,ssp585,tas,61,OK,732,732,732,732,2040-01,2100-12,2040-01,2100-12,0,0,,,,
BCC-CSM2-MR,historical,rsds,1,OK,1980,1980,252,252,1994-01,2014-12,1850-01,2014-12,0,0,,,,
BCC-CSM2-MR,historical,sfcWind,1,OK,1980,1980,252,252,1994-01,2014-12,1850-01,2014-12,0,0,,,,
BCC-CSM2-MR,historical,tas,1,OK,1980,1980,252,252,1994-01,2014-12,1850-01,2014-12,0,0,,,,
BCC-CSM2-MR,ssp126,rsds,1,OK,1032,1032,732,732,2040-01,2100-12,2015-01,2100-12,0,0,,,,
BCC-CSM2-MR,ssp126,sfcWind,1,OK,1032,1032,732,732,2040-01,2100-12,2015-01,2100-12,0,0,,,,
BCC-CSM2-MR,ssp126,tas,1,OK,1032,1032,732,732,2040-01,2100-12,2015-01,2100-12,0,0,,,,
BCC-CSM2-MR,ssp245,rsds,1,OK,1032,1032,732,732,2040-01,2100-12,2015-01,2100-12,0,0,,,,
BCC-CSM2-MR,ssp245,sfcWind,1,OK,1032,1032,732,732,2040-01,2100-12,2015-01,2100-12,0,0,,,,
BCC-CSM2-MR,ssp245,tas,1,OK,1032,1032,732,732,2040-01,2100-12,2015-01,2100-12,0,0,,,,
BCC-CSM2-MR,ssp585,rsds,1,OK,1032,1032,732,732,2040-01,2100-12,2015-01,2100-12,0,0,,,,
BCC-CSM2-MR,ssp585,sfcWind,1,OK,1032,1032,732,732,2040-01,2100-12,2015-01,2100-12,0,0,,,,
BCC-CSM2-MR,ssp585,tas,1,OK,1032,1032,732,732,2040-01,2100-12,2015-01,2100-12,0,0,,,,
CESM2-WACCM,historical,rsds,1,OK,1980,1980,252,252,1994-01,2014-12,1850-01,2014-12,0,0,,,,
CESM2-WACCM,historical,sfcWind,1,OK,1980,1980,252,252,1994-01,2014-12,1850-01,2014-12,0,0,,,,
CESM2-WACCM,historical,tas,1,OK,1980,1980,252,252,1994-01,2014-12,1850-01,2014-12,0,0,,,,
CESM2-WACCM,ssp126,rsds,2,OK,1032,1032,732,732,2040-01,2100-12,2015-01,2100-12,0,0,,,,
CESM2-WACCM,ssp126,sfcWind,2,OK,1032,1032,732,732,2040-01,2100-12,2015-01,2100-12,0,0,,,,
CESM2-WACCM,ssp126,tas,2,OK,1032,1032,732,732,2040-01,2100-12,2015-01,2100-12,0,0,,,,
CESM2-WACCM,ssp245,rsds,2,OK,1032,1032,732,732,2040-01,2100-12,2015-01,2100-12,0,0,,,,
CESM2-WACCM,ssp245,sfcWind,2,OK,1032,1032,732,732,2040-01,2100-12,2015-01,2100-12,0,0,,,,
CESM2-WACCM,ssp245,tas,2,OK,1032,1032,732,732,2040-01,2100-12,2015-01,2100-12,0,0,,,,
CESM2-WACCM,ssp585,rsds,1,OK,1032,1032,732,732,2040-01,2100-12,2015-01,2100-12,0,0,,,,
CESM2-WACCM,ssp585,sfcWind,1,OK,1032,1032,732,732,2040-01,2100-12,2015-01,2100-12,0,0,,,,
CESM2-WACCM,ssp585,tas,1,OK,1032,1032,732,732,2040-01,2100-12,2015-01,2100-12,0,0,,,,
CMCC-CM2-SR5,historical,rsds,1,OK,1980,1980,252,252,1994-01,2014-12,1850-01,2014-12,0,0,,,,
CMCC-CM2-SR5,historical,sfcWind,1,OK,1980,1980,252,252,1994-01,2014-12,1850-01,2014-12,0,0,,,,
CMCC-CM2-SR5,historical,tas,1,OK,1980,1980,252,252,1994-01,2014-12,1850-01,2014-12,0,0,,,,
CMCC-CM2-SR5,ssp126,rsds,1,OK,1032,1032,732,732,2040-01,2100-12,2015-01,2100-12,0,0,,,,
CMCC-CM2-SR5,ssp126,sfcWind,1,OK,1032,1032,732,732,2040-01,2100-12,2015-01,2100-12,0,0,,,,
CMCC-CM2-SR5,ssp126,tas,1,OK,1032,1032,732,732,2040-01,2100-12,2015-01,2100-12,0,0,,,,
CMCC-CM2-SR5,ssp245,rsds,1,OK,1032,1032,732,732,2040-01,2100-12,2015-01,2100-12,0,0,,,,
CMCC-CM2-SR5,ssp245,sfcWind,1,OK,1032,1032,732,732,2040-01,2100-12,2015-01,2100-12,0,0,,,,
CMCC-CM2-SR5,ssp245,tas,1,OK,1032,1032,732,732,2040-01,2100-12,2015-01,2100-12,0,0,,,,
CMCC-CM2-SR5,ssp585,rsds,1,OK,1032,1032,732,732,2040-01,2100-12,2015-01,2100-12,0,0,,,,
CMCC-CM2-SR5,ssp585,sfcWind,1,OK,1032,1032,732,732,2040-01,2100-12,2015-01,2100-12,0,0,,,,
CMCC-CM2-SR5,ssp585,tas,1,OK,1032,1032,732,732,2040-01,2100-12,2015-01,2100-12,0,0,,,,
CMCC-ESM2,historical,rsds,1,OK,1980,1980,252,252,1994-01,2014-12,1850-01,2014-12,0,0,,,,
CMCC-ESM2,historical,sfcWind,1,OK,1980,1980,252,252,1994-01,2014-12,1850-01,2014-12,0,0,,,,
CMCC-ESM2,historical,tas,1,OK,1980,1980,252,252,1994-01,2014-12,1850-01,2014-12,0,0,,,,
CMCC-ESM2,ssp126,rsds,1,OK,1032,1032,732,732,2040-01,2100-12,2015-01,2100-12,0,0,,,,
CMCC-ESM2,ssp126,sfcWind,1,OK,1032,1032,732,732,2040-01,2100-12,2015-01,2100-12,0,0,,,,
CMCC-ESM2,ssp126,tas,1,OK,1032,1032,732,732,2040-01,2100-12,2015-01,2100-12,0,0,,,,
CMCC-ESM2,ssp245,rsds,1,OK,1032,1032,732,732,2040-01,2100-12,2015-01,2100-12,0,0,,,,
CMCC-ESM2,ssp245,sfcWind,1,OK,1032,1032,732,732,2040-01,2100-12,2015-01,2100-12,0,0,,,,
CMCC-ESM2,ssp245,tas,1,OK,1032,1032,732,732,2040-01,2100-12,2015-01,2100-12,0,0,,,,
CMCC-ESM2,ssp585,rsds,1,OK,1032,1032,732,732,2040-01,2100-12,2015-01,2100-12,0,0,,,,
CMCC-ESM2,ssp585,sfcWind,1,OK,1032,1032,732,732,2040-01,2100-12,2015-01,2100-12,0,0,,,,
CMCC-ESM2,ssp585,tas,1,OK,1032,1032,732,732,2040-01,2100-12,2015-01,2100-12,0,0,,,,
CanESM5,historical,rsds,1,OK,1980,1980,252,252,1994-01,2014-12,1850-01,2014-12,0,0,,,,
CanESM5,historical,sfcWind,1,OK,1980,1980,252,252,1994-01,2014-12,1850-01,2014-12,0,0,,,,
CanESM5,historical,tas,1,OK,1980,1980,252,252,1994-01,2014-12,1850-01,2014-12,0,0,,,,
CanESM5,ssp126,rsds,1,OK,1032,1032,732,732,2040-01,2100-12,2015-01,2100-12,0,0,,,,
CanESM5,ssp126,sfcWind,1,OK,1032,1032,732,732,2040-01,2100-12,2015-01,2100-12,0,0,,,,
CanESM5,ssp126,tas,1,OK,1032,1032,732,732,2040-01,2100-12,2015-01,2100-12,0,0,,,,
CanESM5,ssp245,rsds,1,OK,1032,1032,732,732,2040-01,2100-12,2015-01,2100-12,0,0,,,,
CanESM5,ssp245,sfcWind,1,OK,1032,1032,732,732,2040-01,2100-12,2015-01,2100-12,0,0,,,,
CanESM5,ssp245,tas,1,OK,1032,1032,732,732,2040-01,2100-12,2015-01,2100-12,0,0,,,,
CanESM5,ssp585,rsds,1,OK,1032,1032,732,732,2040-01,2100-12,2015-01,2100-12,0,0,,,,
CanESM5,ssp585,sfcWind,1,OK,1032,1032,732,732,2040-01,2100-12,2015-01,2100-12,0,0,,,,
CanESM5,ssp585,tas,1,OK,1032,1032,732,732,2040-01,2100-12,2015-01,2100-12,0,0,,,,
FGOALS-f3-L,historical,rsds,1,OK,1980,1980,252,252,1994-01,2014-12,1850-01,2014-12,0,0,,,,
FGOALS-f3-L,historical,sfcWind,1,OK,1980,1980,252,252,1994-01,2014-12,1850-01,2014-12,0,0,,,,
FGOALS-f3-L,historical,tas,1,OK,1980,1980,252,252,1994-01,2014-12,1850-01,2014-12,0,0,,,,
FGOALS-f3-L,ssp126,rsds,1,OK,1032,1032,732,732,2040-01,2100-12,2015-01,2100-12,0,0,,,,
FGOALS-f3-L,ssp126,sfcWind,1,OK,1032,1032,732,732,2040-01,2100-12,2015-01,2100-12,0,0,,,,
FGOALS-f3-L,ssp126,tas,1,OK,1032,1032,732,732,2040-01,2100-12,2015-01,2100-12,0,0,,,,
FGOALS-f3-L,ssp245,rsds,1,OK,1032,1032,732,732,2040-01,2100-12,2015-01,2100-12,0,0,,,,
FGOALS-f3-L,ssp245,sfcWind,1,OK,1032,1032,732,732,2040-01,2100-12,2015-01,2100-12,0,0,,,,
FGOALS-f3-L,ssp245,tas,1,OK,1032,1032,732,732,2040-01,2100-12,2015-01,2100-12,0,0,,,,
FGOALS-f3-L,ssp585,rsds,1,OK,1032,1032,732,732,2040-01,2100-12,2015-01,2100-12,0,0,,,,
FGOALS-f3-L,ssp585,sfcWind,1,OK,1032,1032,732,732,2040-01,2100-12,2015-01,2100-12,0,0,,,,
FGOALS-f3-L,ssp585,tas,1,OK,1032,1032,732,732,2040-01,2100-12,2015-01,2100-12,0,0,,,,
FIO-ESM-2-0,historical,rsds,1,OK,1980,1980,252,252,1994-01,2014-12,1850-01,2014-12,0,0,,,,
FIO-ESM-2-0,historical,sfcWind,1,OK,1980,1980,252,252,1994-01,2014-12,1850-01,2014-12,0,0,,,,
FIO-ESM-2-0,historical,tas,1,OK,1980,1980,252,252,1994-01,2014-12,1850-01,2014-12,0,0,,,,
FIO-ESM-2-0,ssp126,rsds,1,OK,1032,1032,732,732,2040-01,2100-12,2015-01,2100-12,0,0,,,,
FIO-ESM-2-0,ssp126,sfcWind,1,OK,1032,1032,732,732,2040-01,2100-12,2015-01,2100-12,0,0,,,,
FIO-ESM-2-0,ssp126,tas,1,OK,1032,1032,732,732,2040-01,2100-12,2015-01,2100-12,0,0,,,,
FIO-ESM-2-0,ssp245,rsds,1,OK,1032,1032,732,732,2040-01,2100-12,2015-01,2100-12,0,0,,,,
FIO-ESM-2-0,ssp245,sfcWind,1,OK,1032,1032,732,732,2040-01,2100-12,2015-01,2100-12,0,0,,,,
FIO-ESM-2-0,ssp245,tas,1,OK,1032,1032,732,732,2040-01,2100-12,2015-01,2100-12,0,0,,,,
FIO-ESM-2-0,ssp585,rsds,1,OK,1032,1032,732,732,2040-01,2100-12,2015-01,2100-12,0,0,,,,
FIO-ESM-2-0,ssp585,sfcWind,1,OK,1032,1032,732,732,2040-01,2100-12,2015-01,2100-12,0,0,,,,
FIO-ESM-2-0,ssp585,tas,1,OK,1032,1032,732,732,2040-01,2100-12,2015-01,2100-12,0,0,,,,
IPSL-CM6A-LR,historical,rsds,1,OK,1980,1980,252,252,1994-01,2014-12,1850-01,2014-12,0,0,,,,
IPSL-CM6A-LR,historical,sfcWind,1,OK,1980,1980,252,252,1994-01,2014-12,1850-01,2014-12,0,0,,,,
IPSL-CM6A-LR,historical,tas,1,OK,1980,1980,252,252,1994-01,2014-12,1850-01,2014-12,0,0,,,,
IPSL-CM6A-LR,ssp126,rsds,1,OK,1032,1032,732,732,2040-01,2100-12,2015-01,2100-12,0,0,,,,
IPSL-CM6A-LR,ssp126,sfcWind,1,OK,1032,1032,732,732,2040-01,2100-12,2015-01,2100-12,0,0,,,,
IPSL-CM6A-LR,ssp126,tas,1,OK,1032,1032,732,732,2040-01,2100-12,2015-01,2100-12,0,0,,,,
IPSL-CM6A-LR,ssp245,rsds,1,OK,1032,1032,732,732,2040-01,2100-12,2015-01,2100-12,0,0,,,,
IPSL-CM6A-LR,ssp245,sfcWind,1,OK,1032,1032,732,732,2040-01,2100-12,2015-01,2100-12,0,0,,,,
IPSL-CM6A-LR,ssp245,tas,1,OK,1032,1032,732,732,2040-01,2100-12,2015-01,2100-12,0,0,,,,
IPSL-CM6A-LR,ssp585,rsds,1,OK,1032,1032,732,732,2040-01,2100-12,2015-01,2100-12,0,0,,,,
IPSL-CM6A-LR,ssp585,sfcWind,1,OK,1032,1032,732,732,2040-01,2100-12,2015-01,2100-12,0,0,,,,
IPSL-CM6A-LR,ssp585,tas,1,OK,1032,1032,732,732,2040-01,2100-12,2015-01,2100-12,0,0,,,,
KACE-1-0-G,historical,rsds,1,OK,1980,1980,252,252,1994-01,2014-12,1850-01,2014-12,0,0,,,,
KACE-1-0-G,historical,sfcWind,1,OK,1980,1980,252,252,1994-01,2014-12,1850-01,2014-12,0,0,,,,
KACE-1-0-G,historical,tas,1,OK,1980,1980,252,252,1994-01,2014-12,1850-01,2014-12,0,0,,,,
KACE-1-0-G,ssp126,rsds,1,OK,1032,1032,732,732,2040-01,2100-12,2015-01,2100-12,0,0,,,,
KACE-1-0-G,ssp126,sfcWind,1,OK,1032,1032,732,732,2040-01,2100-12,2015-01,2100-12,0,0,,,,
KACE-1-0-G,ssp126,tas,1,OK,1032,1032,732,732,2040-01,2100-12,2015-01,2100-12,0,0,,,,
KACE-1-0-G,ssp245,rsds,1,OK,1032,1032,732,732,2040-01,2100-12,2015-01,2100-12,0,0,,,,
KACE-1-0-G,ssp245,sfcWind,1,OK,1032,1032,732,732,2040-01,2100-12,2015-01,2100-12,0,0,,,,
KACE-1-0-G,ssp245,tas,1,OK,1032,1032,732,732,2040-01,2100-12,2015-01,2100-12,0,0,,,,
KACE-1-0-G,ssp585,rsds,1,OK,1032,1032,732,732,2040-01,2100-12,2015-01,2100-12,0,0,,,,
KACE-1-0-G,ssp585,sfcWind,1,OK,1032,1032,732,732,2040-01,2100-12,2015-01,2100-12,0,0,,,,
KACE-1-0-G,ssp585,tas,1,OK,1032,1032,732,732,2040-01,2100-12,2015-01,2100-12,0,0,,,,
MPI-ESM1-2-HR,historical,rsds,5,OK,300,300,252,252,1994-01,2014-12,1990-01,2014-12,0,0,,,,
MPI-ESM1-2-HR,historical,sfcWind,5,OK,300,300,252,252,1994-01,2014-12,1990-01,2014-12,0,0,,,,
MPI-ESM1-2-HR,historical,tas,5,OK,300,300,252,252,1994-01,2014-12,1990-01,2014-12,0,0,,,,
MPI-ESM1-2-HR,ssp126,rsds,13,OK,732,732,732,732,2040-01,2100-12,2040-01,2100-12,0,0,,,,
MPI-ESM1-2-HR,ssp126,sfcWind,13,OK,732,732,732,732,2040-01,2100-12,2040-01,2100-12,0,0,,,,
MPI-ESM1-2-HR,ssp126,tas,13,OK,732,732,732,732,2040-01,2100-12,2040-01,2100-12,0,0,,,,
MPI-ESM1-2-HR,ssp245,rsds,13,OK,732,732,732,732,2040-01,2100-12,2040-01,2100-12,0,0,,,,
MPI-ESM1-2-HR,ssp245,sfcWind,13,OK,732,732,732,732,2040-01,2100-12,2040-01,2100-12,0,0,,,,
MPI-ESM1-2-HR,ssp245,tas,13,OK,732,732,732,732,2040-01,2100-12,2040-01,2100-12,0,0,,,,
MPI-ESM1-2-HR,ssp585,rsds,13,OK,732,732,732,732,2040-01,2100-12,2040-01,2100-12,0,0,,,,
MPI-ESM1-2-HR,ssp585,sfcWind,13,OK,732,732,732,732,2040-01,2100-12,2040-01,2100-12,0,0,,,,
MPI-ESM1-2-HR,ssp585,tas,13,OK,732,732,732,732,2040-01,2100-12,2040-01,2100-12,0,0,,,,
MPI-ESM1-2-LR,historical,rsds,2,OK,300,300,252,252,1994-01,2014-12,1990-01,2014-12,0,0,,,,
MPI-ESM1-2-LR,historical,sfcWind,2,OK,300,300,252,252,1994-01,2014-12,1990-01,2014-12,0,0,,,,
MPI-ESM1-2-LR,historical,tas,2,OK,300,300,252,252,1994-01,2014-12,1990-01,2014-12,0,0,,,,
MPI-ESM1-2-LR,ssp126,rsds,4,OK,792,792,732,732,2040-01,2100-12,2035-01,2100-12,0,0,,,,
MPI-ESM1-2-LR,ssp126,sfcWind,4,OK,792,792,732,732,2040-01,2100-12,2035-01,2100-12,0,0,,,,
MPI-ESM1-2-LR,ssp126,tas,4,OK,792,792,732,732,2040-01,2100-12,2035-01,2100-12,0,0,,,,
MPI-ESM1-2-LR,ssp245,rsds,4,OK,792,792,732,732,2040-01,2100-12,2035-01,2100-12,0,0,,,,
MPI-ESM1-2-LR,ssp245,sfcWind,4,OK,792,792,732,732,2040-01,2100-12,2035-01,2100-12,0,0,,,,
MPI-ESM1-2-LR,ssp245,tas,4,OK,792,792,732,732,2040-01,2100-12,2035-01,2100-12,0,0,,,,
MPI-ESM1-2-LR,ssp585,rsds,4,OK,792,792,732,732,2040-01,2100-12,2035-01,2100-12,0,0,,,,
MPI-ESM1-2-LR,ssp585,sfcWind,4,OK,792,792,732,732,2040-01,2100-12,2035-01,2100-12,0,0,,,,
MPI-ESM1-2-LR,ssp585,tas,4,OK,792,792,732,732,2040-01,2100-12,2035-01,2100-12,0,0,,,,
MRI-ESM2-0,historical,rsds,1,OK,1980,1980,252,252,1994-01,2014-12,1850-01,2014-12,0,0,,,,
MRI-ESM2-0,historical,sfcWind,1,OK,1980,1980,252,252,1994-01,2014-12,1850-01,2014-12,0,0,,,,
MRI-ESM2-0,historical,tas,1,OK,1980,1980,252,252,1994-01,2014-12,1850-01,2014-12,0,0,,,,
MRI-ESM2-0,ssp126,rsds,1,OK,1032,1032,732,732,2040-01,2100-12,2015-01,2100-12,0,0,,,,
MRI-ESM2-0,ssp126,sfcWind,1,OK,1032,1032,732,732,2040-01,2100-12,2015-01,2100-12,0,0,,,,
MRI-ESM2-0,ssp126,tas,1,OK,1032,1032,732,732,2040-01,2100-12,2015-01,2100-12,0,0,,,,
MRI-ESM2-0,ssp245,rsds,1,OK,1032,1032,732,732,2040-01,2100-12,2015-01,2100-12,0,0,,,,
MRI-ESM2-0,ssp245,sfcWind,1,OK,1032,1032,732,732,2040-01,2100-12,2015-01,2100-12,0,0,,,,
MRI-ESM2-0,ssp245,tas,1,OK,1032,1032,732,732,2040-01,2100-12,2015-01,2100-12,0,0,,,,
MRI-ESM2-0,ssp585,rsds,1,OK,1032,1032,732,732,2040-01,2100-12,2015-01,2100-12,0,0,,,,
MRI-ESM2-0,ssp585,sfcWind,1,OK,1032,1032,732,732,2040-01,2100-12,2015-01,2100-12,0,0,,,,
MRI-ESM2-0,ssp585,tas,1,OK,1032,1032,732,732,2040-01,2100-12,2015-01,2100-12,0,0,,,,
TaiESM1,historical,rsds,1,OK,1980,1980,252,252,1994-01,2014-12,1850-01,2014-12,0,0,,,,
TaiESM1,historical,sfcWind,1,OK,1980,1980,252,252,1994-01,2014-12,1850-01,2014-12,0,0,,,,
TaiESM1,historical,tas,1,OK,1980,1980,252,252,1994-01,2014-12,1850-01,2014-12,0,0,,,,
TaiESM1,ssp126,rsds,1,OK,1032,1032,732,732,2040-01,2100-12,2015-01,2100-12,0,0,,,,
TaiESM1,ssp126,sfcWind,1,OK,1032,1032,732,732,2040-01,2100-12,2015-01,2100-12,0,0,,,,
TaiESM1,ssp126,tas,1,OK,1032,1032,732,732,2040-01,2100-12,2015-01,2100-12,0,0,,,,
TaiESM1,ssp245,rsds,1,OK,1032,1032,732,732,2040-01,2100-12,2015-01,2100-12,0,0,,,,
TaiESM1,ssp245,sfcWind,1,OK,1032,1032,732,732,2040-01,2100-12,2015-01,2100-12,0,0,,,,
TaiESM1,ssp245,tas,1,OK,1032,1032,732,732,2040-01,2100-12,2015-01,2100-12,0,0,,,,
TaiESM1,ssp585,rsds,1,OK,1032,1032,732,732,2040-01,2100-12,2015-01,2100-12,0,0,,,,
TaiESM1,ssp585,sfcWind,1,OK,1032,1032,732,732,2040-01,2100-12,2015-01,2100-12,0,0,,,,
TaiESM1,ssp585,tas,1,OK,1032,1032,732,732,2040-01,2100-12,2015-01,2100-12,0,0,,,,
