section,model,experiment,variable,file_count,first_time,last_time,time_count,lat_count,lon_count,lat_min,lat_max,lon_min,lon_max,units,dtype,sample_min,sample_max,finite_percent,status,message
ERA5_REFERENCE,ERA5_REFERENCE,historical,tas,1,1959-01,2014-12,672,157,281,15.0,54.0,70.0,140.0,K,float32,236.37818908691406,301.013671875,100.0,PASSED,
ERA5_REFERENCE,ERA5_REFERENCE,historical,rsds,1,1959-01,2014-12,672,157,281,15.0,54.0,70.0,140.0,W m-2,float32,22.980741500854492,247.50222778320312,100.0,PASSED,
ERA5_REFERENCE,ERA5_REFERENCE,historical,sfcWind,1,1959-01,2014-12,672,157,281,15.0,54.0,70.0,140.0,m s-1,float32,0.0027854673098772764,13.824260711669922,100.0,PASSED,
CMIP6,ACCESS-CM2,historical,tas,1,1959-01,2014-12,672,31,38,15.625,53.125,70.3125,139.6875,K,float32,240.869873046875,303.052734375,100.0,PASSED,
CMIP6,ACCESS-CM2,historical,rsds,1,1959-01,2014-12,672,31,38,15.625,53.125,70.3125,139.6875,W m-2,float32,27.61375617980957,250.32057189941406,100.0,PASSED,
CMIP6,ACCESS-CM2,historical,sfcWind,1,1959-01,2014-12,672,31,38,15.625,53.125,70.3125,139.6875,m s-1,float32,0.5936508178710938,11.655731201171875,100.0,PASSED,
CMIP6,ACCESS-CM2,ssp126,tas,1,2015-01,2100-12,1032,31,38,15.625,53.125,70.3125,139.6875,K,float32,243.7392578125,303.451416015625,100.0,PASSED,
CMIP6,ACCESS-CM2,ssp126,rsds,1,2015-01,2100-12,1032,31,38,15.625,53.125,70.3125,139.6875,W m-2,float32,26.02344512939453,247.3142547607422,100.0,PASSED,
CMIP6,ACCESS-CM2,ssp126,sfcWind,1,2015-01,2100-12,1032,31,38,15.625,53.125,70.3125,139.6875,m s-1,float32,0.6246185302734375,11.437370300292969,100.0,PASSED,
CMIP6,ACCESS-CM2,ssp245,tas,1,2015-01,2100-12,1032,31,38,15.625,53.125,70.3125,139.6875,K,float32,243.956787109375,303.8681640625,100.0,PASSED,
CMIP6,ACCESS-CM2,ssp245,rsds,1,2015-01,2100-12,1032,31,38,15.625,53.125,70.3125,139.6875,W m-2,float32,24.86428451538086,239.2442626953125,100.0,PASSED,
CMIP6,ACCESS-CM2,ssp245,sfcWind,1,2015-01,2100-12,1032,31,38,15.625,53.125,70.3125,139.6875,m s-1,float32,0.6137619018554688,11.176994323730469,100.0,PASSED,
CMIP6,ACCESS-CM2,ssp585,tas,1,2015-01,2100-12,1032,31,38,15.625,53.125,70.3125,139.6875,K,float32,244.430908203125,307.361328125,100.0,PASSED,
CMIP6,ACCESS-CM2,ssp585,rsds,1,2015-01,2100-12,1032,31,38,15.625,53.125,70.3125,139.6875,W m-2,float32,21.217140197753906,239.31698608398438,100.0,PASSED,
CMIP6,ACCESS-CM2,ssp585,sfcWind,1,2015-01,2100-12,1032,31,38,15.625,53.125,70.3125,139.6875,m s-1,float32,0.7067413330078125,13.065582275390625,100.0,PASSED,
ERA5_ON_GRID,ACCESS-CM2,historical,tas,1,1959-01,2014-12,672,31,38,15.625,53.125,70.3125,139.6875,K,float32,237.36622619628906,300.78466796875,100.0,PASSED,
ERA5_ON_GRID,ACCESS-CM2,historical,rsds,1,1959-01,2014-12,672,31,38,15.625,53.125,70.3125,139.6875,W m-2,float32,28.324443817138672,244.18222045898438,100.0,PASSED,
ERA5_ON_GRID,ACCESS-CM2,historical,sfcWind,1,1959-01,2014-12,672,31,38,15.625,53.125,70.3125,139.6875,m s-1,float32,0.04270756244659424,13.064867973327637,100.0,PASSED,
CMIP6,ACCESS-ESM1-5,historical,tas,1,1959-01,2014-12,672,32,37,15.0,53.75,71.25,138.75,K,float32,243.17532348632812,302.4202575683594,100.0,PASSED,
CMIP6,ACCESS-ESM1-5,historical,rsds,1,1959-01,2014-12,672,32,37,15.0,53.75,71.25,138.75,W m-2,float32,23.98165512084961,250.3844451904297,100.0,PASSED,
CMIP6,ACCESS-ESM1-5,historical,sfcWind,1,1959-01,2014-12,672,32,37,15.0,53.75,71.25,138.75,m s-1,float32,0.8406876921653748,11.032872200012207,100.0,PASSED,
CMIP6,ACCESS-ESM1-5,ssp126,tas,1,2015-01,2100-12,1032,32,37,15.0,53.75,71.25,138.75,K,float32,248.08128356933594,303.0743713378906,100.0,PASSED,
CMIP6,ACCESS-ESM1-5,ssp126,rsds,1,2015-01,2100-12,1032,32,37,15.0,53.75,71.25,138.75,W m-2,float32,21.600353240966797,242.83555603027344,100.0,PASSED,
CMIP6,ACCESS-ESM1-5,ssp126,sfcWind,1,2015-01,2100-12,1032,32,37,15.0,53.75,71.25,138.75,m s-1,float32,0.8281913995742798,10.8126859664917,100.0,PASSED,
CMIP6,ACCESS-ESM1-5,ssp245,tas,1,2015-01,2100-12,1032,32,37,15.0,53.75,71.25,138.75,K,float32,248.3225555419922,303.5342712402344,100.0,PASSED,
CMIP6,ACCESS-ESM1-5,ssp245,rsds,1,2015-01,2100-12,1032,32,37,15.0,53.75,71.25,138.75,W m-2,float32,26.512481689453125,241.4638214111328,100.0,PASSED,
CMIP6,ACCESS-ESM1-5,ssp245,sfcWind,1,2015-01,2100-12,1032,32,37,15.0,53.75,71.25,138.75,m s-1,float32,0.8372166156768799,11.685670852661133,100.0,PASSED,
CMIP6,ACCESS-ESM1-5,ssp585,tas,1,2015-01,2100-12,1032,32,37,15.0,53.75,71.25,138.75,K,float32,246.86627197265625,306.1994323730469,100.0,PASSED,
CMIP6,ACCESS-ESM1-5,ssp585,rsds,1,2015-01,2100-12,1032,32,37,15.0,53.75,71.25,138.75,W m-2,float32,18.55904197692871,243.72781372070312,100.0,PASSED,
CMIP6,ACCESS-ESM1-5,ssp585,sfcWind,1,2015-01,2100-12,1032,32,37,15.0,53.75,71.25,138.75,m s-1,float32,0.9142992496490479,11.138992309570312,100.0,PASSED,
ERA5_ON_GRID,ACCESS-ESM1-5,historical,tas,1,1959-01,2014-12,672,32,37,15.0,53.75,71.25,138.75,K,float32,237.61451721191406,300.87109375,100.0,PASSED,
ERA5_ON_GRID,ACCESS-ESM1-5,historical,rsds,1,1959-01,2014-12,672,32,37,15.0,53.75,71.25,138.75,W m-2,float32,23.964445114135742,246.49481201171875,100.0,PASSED,
ERA5_ON_GRID,ACCESS-ESM1-5,historical,sfcWind,1,1959-01,2014-12,672,32,37,15.0,53.75,71.25,138.75,m s-1,float32,0.00974739994853735,13.63193416595459,100.0,PASSED,
CMIP6,AWI-CM-1-1-MR,historical,tas,1,1959-01,2014-12,672,42,75,15.42851808967424,53.76597003190102,70.3125,139.6875,K,float32,243.0962371826172,301.505126953125,100.0,PASSED,
CMIP6,AWI-CM-1-1-MR,historical,rsds,1,1959-01,2014-12,672,42,75,15.42851808967424,53.76597003190102,70.3125,139.6875,W m-2,float32,20.797531127929688,249.82489013671875,100.0,PASSED,
CMIP6,AWI-CM-1-1-MR,historical,sfcWind,1,1959-01,2014-12,672,42,75,15.42851808967424,53.76597003190102,70.3125,139.6875,m s-1,float32,0.4965084493160248,14.071950912475586,100.0,PASSED,
CMIP6,AWI-CM-1-1-MR,ssp126,tas,1,2015-01,2100-12,1032,42,75,15.42851808967424,53.76597003190102,70.3125,139.6875,K,float32,247.0072021484375,302.0817565917969,100.0,PASSED,
CMIP6,AWI-CM-1-1-MR,ssp126,rsds,1,2015-01,2100-12,1032,42,75,15.42851808967424,53.76597003190102,70.3125,139.6875,W m-2,float32,23.558530807495117,239.3480682373047,100.0,PASSED,
CMIP6,AWI-CM-1-1-MR,ssp126,sfcWind,1,2015-01,2100-12,1032,42,75,15.42851808967424,53.76597003190102,70.3125,139.6875,m s-1,float32,0.5131195783615112,12.457745552062988,100.0,PASSED,
CMIP6,AWI-CM-1-1-MR,ssp245,tas,1,2015-01,2100-12,1032,42,75,15.42851808967424,53.76597003190102,70.3125,139.6875,K,float32,246.36947631835938,302.642333984375,100.0,PASSED,
CMIP6,AWI-CM-1-1-MR,ssp245,rsds,1,2015-01,2100-12,1032,42,75,15.42851808967424,53.76597003190102,70.3125,139.6875,W m-2,float32,18.22010612487793,232.2114715576172,100.0,PASSED,
CMIP6,AWI-CM-1-1-MR,ssp245,sfcWind,1,2015-01,2100-12,1032,42,75,15.42851808967424,53.76597003190102,70.3125,139.6875,m s-1,float32,0.4843614995479584,14.277664184570312,100.0,PASSED,
CMIP6,AWI-CM-1-1-MR,ssp585,tas,1,2015-01,2100-12,1032,42,75,15.42851808967424,53.76597003190102,70.3125,139.6875,K,float32,245.5989990234375,304.6329345703125,100.0,PASSED,
CMIP6,AWI-CM-1-1-MR,ssp585,rsds,1,2015-01,2100-12,1032,42,75,15.42851808967424,53.76597003190102,70.3125,139.6875,W m-2,float32,14.316205024719238,230.8143310546875,100.0,PASSED,
CMIP6,AWI-CM-1-1-MR,ssp585,sfcWind,1,2015-01,2100-12,1032,42,75,15.42851808967424,53.76597003190102,70.3125,139.6875,m s-1,float32,0.5499997138977051,11.219073295593262,100.0,PASSED,
ERA5_ON_GRID,AWI-CM-1-1-MR,historical,tas,1,1959-01,2014-12,672,42,75,15.42851808967424,53.76597003190102,70.3125,139.6875,K,float32,237.20401000976562,300.8289794921875,100.0,PASSED,
ERA5_ON_GRID,AWI-CM-1-1-MR,historical,rsds,1,1959-01,2014-12,672,42,75,15.42851808967424,53.76597003190102,70.3125,139.6875,W m-2,float32,24.001543045043945,245.1050262451172,100.0,PASSED,
ERA5_ON_GRID,AWI-CM-1-1-MR,historical,sfcWind,1,1959-01,2014-12,672,42,75,15.42851808967424,53.76597003190102,70.3125,139.6875,m s-1,float32,0.045495789498090744,13.162254333496094,100.0,PASSED,
CMIP6,BCC-CSM2-MR,historical,tas,1,1959-01,2014-12,672,35,62,15.140111692110695,53.270655459398434,70.875,139.5,K,float32,240.6835174560547,301.9888610839844,100.0,PASSED,
CMIP6,BCC-CSM2-MR,historical,rsds,1,1959-01,2014-12,672,35,62,15.140111692110695,53.270655459398434,70.875,139.5,W m-2,float32,27.338747024536133,249.93075561523438,100.0,PASSED,
CMIP6,BCC-CSM2-MR,historical,sfcWind,1,1959-01,2014-12,672,35,62,15.140111692110695,53.270655459398434,70.875,139.5,m s-1,float32,1.4637185335159302,12.213325500488281,100.0,PASSED,
CMIP6,BCC-CSM2-MR,ssp126,tas,1,2015-01,2100-12,1032,35,62,15.140111692110695,53.270655459398434,70.875,139.5,K,float32,237.55235290527344,302.7127685546875,100.0,PASSED,
CMIP6,BCC-CSM2-MR,ssp126,rsds,1,2015-01,2100-12,1032,35,62,15.140111692110695,53.270655459398434,70.875,139.5,W m-2,float32,17.47538948059082,243.66183471679688,100.0,PASSED,
CMIP6,BCC-CSM2-MR,ssp126,sfcWind,1,2015-01,2100-12,1032,35,62,15.140111692110695,53.270655459398434,70.875,139.5,m s-1,float32,1.491935133934021,11.456388473510742,100.0,PASSED,
CMIP6,BCC-CSM2-MR,ssp245,tas,1,2015-01,2100-12,1032,35,62,15.140111692110695,53.270655459398434,70.875,139.5,K,float32,241.60130310058594,303.5274963378906,100.0,PASSED,
CMIP6,BCC-CSM2-MR,ssp245,rsds,1,2015-01,2100-12,1032,35,62,15.140111692110695,53.270655459398434,70.875,139.5,W m-2,float32,20.1262264251709,242.84854125976562,100.0,PASSED,
CMIP6,BCC-CSM2-MR,ssp245,sfcWind,1,2015-01,2100-12,1032,35,62,15.140111692110695,53.270655459398434,70.875,139.5,m s-1,float32,1.5466631650924683,11.410148620605469,100.0,PASSED,
CMIP6,BCC-CSM2-MR,ssp585,tas,1,2015-01,2100-12,1032,35,62,15.140111692110695,53.270655459398434,70.875,139.5,K,float32,240.74253845214844,305.131591796875,100.0,PASSED,
CMIP6,BCC-CSM2-MR,ssp585,rsds,1,2015-01,2100-12,1032,35,62,15.140111692110695,53.270655459398434,70.875,139.5,W m-2,float32,13.97734260559082,240.44171142578125,100.0,PASSED,
CMIP6,BCC-CSM2-MR,ssp585,sfcWind,1,2015-01,2100-12,1032,35,62,15.140111692110695,53.270655459398434,70.875,139.5,m s-1,float32,1.3906670808792114,11.553938865661621,100.0,PASSED,
ERA5_ON_GRID,BCC-CSM2-MR,historical,tas,1,1959-01,2014-12,672,35,62,15.140111692110695,53.270655459398434,70.875,139.5,K,float32,236.8746795654297,300.9683532714844,100.0,PASSED,
ERA5_ON_GRID,BCC-CSM2-MR,historical,rsds,1,1959-01,2014-12,672,35,62,15.140111692110695,53.270655459398434,70.875,139.5,W m-2,float32,27.813644409179688,246.5784912109375,100.0,PASSED,
ERA5_ON_GRID,BCC-CSM2-MR,historical,sfcWind,1,1959-01,2014-12,672,35,62,15.140111692110695,53.270655459398434,70.875,139.5,m s-1,float32,0.055663999170064926,13.305856704711914,100.0,PASSED,
CMIP6,CAS-ESM2-0,historical,tas,1,1959-01,2014-12,672,27,50,16.299213409423828,53.14960479736328,70.3125,139.21875,K,float32,242.4193115234375,300.7480773925781,100.0,PASSED,
CMIP6,CAS-ESM2-0,historical,rsds,1,1959-01,2014-12,672,27,50,16.299213409423828,53.14960479736328,70.3125,139.21875,W m-2,float32,19.712799072265625,232.92385864257812,100.0,PASSED,
CMIP6,CAS-ESM2-0,historical,sfcWind,1,1959-01,2014-12,672,27,50,16.299213409423828,53.14960479736328,70.3125,139.21875,m s-1,float32,0.8338434100151062,10.882450103759766,100.0,PASSED,
CMIP6,CAS-ESM2-0,ssp126,tas,1,2015-01,2100-12,1032,27,50,16.299213409423828,53.14960479736328,70.3125,139.21875,K,float32,242.0218048095703,302.05889892578125,100.0,PASSED,
CMIP6,CAS-ESM2-0,ssp126,rsds,1,2015-01,2100-12,1032,27,50,16.299213409423828,53.14960479736328,70.3125,139.21875,W m-2,float32,18.275264739990234,219.72909545898438,100.0,PASSED,
CMIP6,CAS-ESM2-0,ssp126,sfcWind,1,2015-01,2100-12,1032,27,50,16.299213409423828,53.14960479736328,70.3125,139.21875,m s-1,float32,0.7715692520141602,11.262555122375488,100.0,PASSED,
CMIP6,CAS-ESM2-0,ssp245,tas,1,2015-01,2100-12,1032,27,50,16.299213409423828,53.14960479736328,70.3125,139.21875,K,float32,244.0618133544922,302.563720703125,100.0,PASSED,
CMIP6,CAS-ESM2-0,ssp245,rsds,1,2015-01,2100-12,1032,27,50,16.299213409423828,53.14960479736328,70.3125,139.21875,W m-2,float32,16.627717971801758,227.52748107910156,100.0,PASSED,
CMIP6,CAS-ESM2-0,ssp245,sfcWind,1,2015-01,2100-12,1032,27,50,16.299213409423828,53.14960479736328,70.3125,139.21875,m s-1,float32,0.8585061430931091,10.851896286010742,100.0,PASSED,
CMIP6,CAS-ESM2-0,ssp585,tas,1,2015-01,2100-12,1032,27,50,16.299213409423828,53.14960479736328,70.3125,139.21875,K,float32,243.52456665039062,304.00750732421875,100.0,PASSED,
CMIP6,CAS-ESM2-0,ssp585,rsds,1,2015-01,2100-12,1032,27,50,16.299213409423828,53.14960479736328,70.3125,139.21875,W m-2,float32,15.051891326904297,231.1244659423828,100.0,PASSED,
CMIP6,CAS-ESM2-0,ssp585,sfcWind,1,2015-01,2100-12,1032,27,50,16.299213409423828,53.14960479736328,70.3125,139.21875,m s-1,float32,0.7193580269813538,12.010831832885742,100.0,PASSED,
ERA5_ON_GRID,CAS-ESM2-0,historical,tas,1,1959-01,2014-12,672,27,50,16.299213409423828,53.14960479736328,70.3125,139.21875,K,float32,236.48858642578125,300.59051513671875,100.0,PASSED,
ERA5_ON_GRID,CAS-ESM2-0,historical,rsds,1,1959-01,2014-12,672,27,50,16.299213409423828,53.14960479736328,70.3125,139.21875,W m-2,float32,28.494455337524414,240.2908477783203,100.0,PASSED,
ERA5_ON_GRID,CAS-ESM2-0,historical,sfcWind,1,1959-01,2014-12,672,27,50,16.299213409423828,53.14960479736328,70.3125,139.21875,m s-1,float32,0.0527481809258461,12.79548454284668,100.0,PASSED,
CMIP6,CESM2-WACCM,historical,tas,1,1959-01,2014-12,672,41,57,15.54973821989529,53.24607329842931,70.0,140.0,K,float32,246.5836639404297,301.49139404296875,100.0,PASSED,
CMIP6,CESM2-WACCM,historical,rsds,1,1959-01,2014-12,672,41,57,15.54973821989529,53.24607329842931,70.0,140.0,W m-2,float32,17.60239028930664,247.49789428710938,100.0,PASSED,
CMIP6,CESM2-WACCM,historical,sfcWind,1,1959-01,2014-12,672,41,57,15.54973821989529,53.24607329842931,70.0,140.0,m s-1,float32,0.8646148443222046,12.709959030151367,100.0,PASSED,
CMIP6,CESM2-WACCM,ssp126,tas,1,2015-01,2100-12,1032,41,57,15.54973821989529,53.24607329842931,70.0,140.0,K,float32,246.3378448486328,302.582763671875,100.0,PASSED,
CMIP6,CESM2-WACCM,ssp126,rsds,1,2015-01,2100-12,1032,41,57,15.54973821989529,53.24607329842931,70.0,140.0,W m-2,float32,24.1770076751709,240.46543884277344,100.0,PASSED,
CMIP6,CESM2-WACCM,ssp126,sfcWind,1,2015-01,2100-12,1032,41,57,15.54973821989529,53.24607329842931,70.0,140.0,m s-1,float32,0.858120322227478,12.577126502990723,100.0,PASSED,
CMIP6,CESM2-WACCM,ssp245,tas,1,2015-01,2100-12,1032,41,57,15.54973821989529,53.24607329842931,70.0,140.0,K,float32,249.32505798339844,303.01995849609375,100.0,PASSED,
CMIP6,CESM2-WACCM,ssp245,rsds,1,2015-01,2100-12,1032,41,57,15.54973821989529,53.24607329842931,70.0,140.0,W m-2,float32,20.46333885192871,241.61598205566406,100.0,PASSED,
CMIP6,CESM2-WACCM,ssp245,sfcWind,1,2015-01,2100-12,1032,41,57,15.54973821989529,53.24607329842931,70.0,140.0,m s-1,float32,0.8148896098136902,12.132115364074707,100.0,PASSED,
CMIP6,CESM2-WACCM,ssp585,tas,1,2015-01,2100-12,1032,41,57,15.54973821989529,53.24607329842931,70.0,140.0,K,float32,246.29393005371094,307.2148132324219,100.0,PASSED,
CMIP6,CESM2-WACCM,ssp585,rsds,1,2015-01,2100-12,1032,41,57,15.54973821989529,53.24607329842931,70.0,140.0,W m-2,float32,16.416004180908203,228.29808044433594,100.0,PASSED,
CMIP6,CESM2-WACCM,ssp585,sfcWind,1,2015-01,2100-12,1032,41,57,15.54973821989529,53.24607329842931,70.0,140.0,m s-1,float32,0.8413824439048767,12.354652404785156,100.0,PASSED,
ERA5_ON_GRID,CESM2-WACCM,historical,tas,1,1959-01,2014-12,672,41,57,15.54973821989529,53.24607329842931,70.0,140.0,K,float32,236.57904052734375,300.815673828125,100.0,PASSED,
ERA5_ON_GRID,CESM2-WACCM,historical,rsds,1,1959-01,2014-12,672,41,57,15.54973821989529,53.24607329842931,70.0,140.0,W m-2,float32,28.040550231933594,244.57810974121094,100.0,PASSED,
ERA5_ON_GRID,CESM2-WACCM,historical,sfcWind,1,1959-01,2014-12,672,41,57,15.54973821989529,53.24607329842931,70.0,140.0,m s-1,float32,0.03857779502868652,13.1322021484375,100.0,PASSED,
CMIP6,CMCC-CM2-SR5,historical,tas,1,1959-01,2014-12,672,41,57,15.54973821989529,53.24607329842931,70.0,140.0,K,float32,239.8822021484375,301.4617004394531,100.0,PASSED,
CMIP6,CMCC-CM2-SR5,historical,rsds,1,1959-01,2014-12,672,41,57,15.54973821989529,53.24607329842931,70.0,140.0,W m-2,float32,25.316844940185547,234.7958984375,100.0,PASSED,
CMIP6,CMCC-CM2-SR5,historical,sfcWind,1,1959-01,2014-12,672,41,57,15.54973821989529,53.24607329842931,70.0,140.0,m s-1,float32,0.9557119011878967,13.055092811584473,100.0,PASSED,
CMIP6,CMCC-CM2-SR5,ssp126,tas,1,2015-01,2100-12,1032,41,57,15.54973821989529,53.24607329842931,70.0,140.0,K,float32,239.74879455566406,302.5765686035156,100.0,PASSED,
CMIP6,CMCC-CM2-SR5,ssp126,rsds,1,2015-01,2100-12,1032,41,57,15.54973821989529,53.24607329842931,70.0,140.0,W m-2,float32,19.006994247436523,242.46603393554688,100.0,PASSED,
CMIP6,CMCC-CM2-SR5,ssp126,sfcWind,1,2015-01,2100-12,1032,41,57,15.54973821989529,53.24607329842931,70.0,140.0,m s-1,float32,0.8853843212127686,13.282011985778809,100.0,PASSED,
CMIP6,CMCC-CM2-SR5,ssp245,tas,1,2015-01,2100-12,1032,41,57,15.54973821989529,53.24607329842931,70.0,140.0,K,float32,240.9071044921875,303.6490783691406,100.0,PASSED,
CMIP6,CMCC-CM2-SR5,ssp245,rsds,1,2015-01,2100-12,1032,41,57,15.54973821989529,53.24607329842931,70.0,140.0,W m-2,float32,22.000776290893555,238.16075134277344,100.0,PASSED,
CMIP6,CMCC-CM2-SR5,ssp245,sfcWind,1,2015-01,2100-12,1032,41,57,15.54973821989529,53.24607329842931,70.0,140.0,m s-1,float32,0.8412591814994812,14.17444896697998,100.0,PASSED,
CMIP6,CMCC-CM2-SR5,ssp585,tas,1,2015-01,2100-12,1032,41,57,15.54973821989529,53.24607329842931,70.0,140.0,K,float32,240.05703735351562,305.218505859375,100.0,PASSED,
CMIP6,CMCC-CM2-SR5,ssp585,rsds,1,2015-01,2100-12,1032,41,57,15.54973821989529,53.24607329842931,70.0,140.0,W m-2,float32,19.419601440429688,241.784423828125,100.0,PASSED,
CMIP6,CMCC-CM2-SR5,ssp585,sfcWind,1,2015-01,2100-12,1032,41,57,15.54973821989529,53.24607329842931,70.0,140.0,m s-1,float32,0.9763541221618652,13.709260940551758,100.0,PASSED,
ERA5_ON_GRID,CMCC-CM2-SR5,historical,tas,1,1959-01,2014-12,672,41,57,15.54973821989529,53.24607329842931,70.0,140.0,K,float32,236.57904052734375,300.815673828125,100.0,PASSED,
ERA5_ON_GRID,CMCC-CM2-SR5,historical,rsds,1,1959-01,2014-12,672,41,57,15.54973821989529,53.24607329842931,70.0,140.0,W m-2,float32,28.040550231933594,244.57810974121094,100.0,PASSED,
ERA5_ON_GRID,CMCC-CM2-SR5,historical,sfcWind,1,1959-01,2014-12,672,41,57,15.54973821989529,53.24607329842931,70.0,140.0,m s-1,float32,0.03857779502868652,13.1322021484375,100.0,PASSED,
CMIP6,CMCC-ESM2,historical,tas,1,1959-01,2014-12,672,41,57,15.54973821989529,53.24607329842931,70.0,140.0,K,float32,239.67161560058594,301.97833251953125,100.0,PASSED,
CMIP6,CMCC-ESM2,historical,rsds,1,1959-01,2014-12,672,41,57,15.54973821989529,53.24607329842931,70.0,140.0,W m-2,float32,22.264122009277344,243.5037078857422,100.0,PASSED,
CMIP6,CMCC-ESM2,historical,sfcWind,1,1959-01,2014-12,672,41,57,15.54973821989529,53.24607329842931,70.0,140.0,m s-1,float32,0.9269429445266724,13.060954093933105,100.0,PASSED,
CMIP6,CMCC-ESM2,ssp126,tas,1,2015-01,2100-12,1032,41,57,15.54973821989529,53.24607329842931,70.0,140.0,K,float32,242.26376342773438,303.09661865234375,100.0,PASSED,
CMIP6,CMCC-ESM2,ssp126,rsds,1,2015-01,2100-12,1032,41,57,15.54973821989529,53.24607329842931,70.0,140.0,W m-2,float32,21.83775520324707,245.89315795898438,100.0,PASSED,
CMIP6,CMCC-ESM2,ssp126,sfcWind,1,2015-01,2100-12,1032,41,57,15.54973821989529,53.24607329842931,70.0,140.0,m s-1,float32,0.9346435070037842,13.564208030700684,100.0,PASSED,
CMIP6,CMCC-ESM2,ssp245,tas,1,2015-01,2100-12,1032,41,57,15.54973821989529,53.24607329842931,70.0,140.0,K,float32,242.03787231445312,304.26434326171875,100.0,PASSED,
CMIP6,CMCC-ESM2,ssp245,rsds,1,2015-01,2100-12,1032,41,57,15.54973821989529,53.24607329842931,70.0,140.0,W m-2,float32,22.7553653717041,238.48324584960938,100.0,PASSED,
CMIP6,CMCC-ESM2,ssp245,sfcWind,1,2015-01,2100-12,1032,41,57,15.54973821989529,53.24607329842931,70.0,140.0,m s-1,float32,0.9307172298431396,12.727863311767578,100.0,PASSED,
CMIP6,CMCC-ESM2,ssp585,tas,1,2015-01,2100-12,1032,41,57,15.54973821989529,53.24607329842931,70.0,140.0,K,float32,241.6106719970703,305.1534423828125,100.0,PASSED,
CMIP6,CMCC-ESM2,ssp585,rsds,1,2015-01,2100-12,1032,41,57,15.54973821989529,53.24607329842931,70.0,140.0,W m-2,float32,18.842195510864258,236.309814453125,100.0,PASSED,
CMIP6,CMCC-ESM2,ssp585,sfcWind,1,2015-01,2100-12,1032,41,57,15.54973821989529,53.24607329842931,70.0,140.0,m s-1,float32,0.9252269864082336,13.27807331085205,100.0,PASSED,
ERA5_ON_GRID,CMCC-ESM2,historical,tas,1,1959-01,2014-12,672,41,57,15.54973821989529,53.24607329842931,70.0,140.0,K,float32,236.57904052734375,300.815673828125,100.0,PASSED,
ERA5_ON_GRID,CMCC-ESM2,historical,rsds,1,1959-01,2014-12,672,41,57,15.54973821989529,53.24607329842931,70.0,140.0,W m-2,float32,28.040550231933594,244.57810974121094,100.0,PASSED,
ERA5_ON_GRID,CMCC-ESM2,historical,sfcWind,1,1959-01,2014-12,672,41,57,15.54973821989529,53.24607329842931,70.0,140.0,m s-1,float32,0.03857779502868652,13.1322021484375,100.0,PASSED,
CMIP6,CanESM5,historical,tas,1,1959-01,2014-12,672,14,25,15.348364759491508,51.625733674938296,70.3125,137.8125,K,float32,241.57022094726562,302.2012634277344,100.0,PASSED,
CMIP6,CanESM5,historical,rsds,1,1959-01,2014-12,672,14,25,15.348364759491508,51.625733674938296,70.3125,137.8125,W m-2,float32,32.6463508605957,243.62136840820312,100.0,PASSED,
CMIP6,CanESM5,historical,sfcWind,1,1959-01,2014-12,672,14,25,15.348364759491508,51.625733674938296,70.3125,137.8125,m s-1,float32,1.1686129570007324,12.734406471252441,100.0,PASSED,
CMIP6,CanESM5,ssp126,tas,1,2015-01,2100-12,1032,14,25,15.348364759491508,51.625733674938296,70.3125,137.8125,K,float32,245.6194610595703,302.897705078125,100.0,PASSED,
CMIP6,CanESM5,ssp126,rsds,1,2015-01,2100-12,1032,14,25,15.348364759491508,51.625733674938296,70.3125,137.8125,W m-2,float32,36.55510330200195,242.27745056152344,100.0,PASSED,
CMIP6,CanESM5,ssp126,sfcWind,1,2015-01,2100-12,1032,14,25,15.348364759491508,51.625733674938296,70.3125,137.8125,m s-1,float32,1.132969856262207,12.772955894470215,100.0,PASSED,
CMIP6,CanESM5,ssp245,tas,1,2015-01,2100-12,1032,14,25,15.348364759491508,51.625733674938296,70.3125,137.8125,K,float32,243.81399536132812,304.08917236328125,100.0,PASSED,
CMIP6,CanESM5,ssp245,rsds,1,2015-01,2100-12,1032,14,25,15.348364759491508,51.625733674938296,70.3125,137.8125,W m-2,float32,26.36655044555664,235.4182891845703,100.0,PASSED,
CMIP6,CanESM5,ssp245,sfcWind,1,2015-01,2100-12,1032,14,25,15.348364759491508,51.625733674938296,70.3125,137.8125,m s-1,float32,1.1619832515716553,12.798646926879883,100.0,PASSED,
CMIP6,CanESM5,ssp585,tas,1,2015-01,2100-12,1032,14,25,15.348364759491508,51.625733674938296,70.3125,137.8125,K,float32,241.62008666992188,307.0890197753906,100.0,PASSED,
CMIP6,CanESM5,ssp585,rsds,1,2015-01,2100-12,1032,14,25,15.348364759491508,51.625733674938296,70.3125,137.8125,W m-2,float32,28.112939834594727,233.21353149414062,100.0,PASSED,
CMIP6,CanESM5,ssp585,sfcWind,1,2015-01,2100-12,1032,14,25,15.348364759491508,51.625733674938296,70.3125,137.8125,m s-1,float32,1.198859453201294,13.322065353393555,100.0,PASSED,
ERA5_ON_GRID,CanESM5,historical,tas,1,1959-01,2014-12,672,14,25,15.348364759491508,51.625733674938296,70.3125,137.8125,K,float32,239.52723693847656,300.67706298828125,100.0,PASSED,
ERA5_ON_GRID,CanESM5,historical,rsds,1,1959-01,2014-12,672,14,25,15.348364759491508,51.625733674938296,70.3125,137.8125,W m-2,float32,31.585433959960938,245.0601348876953,100.0,PASSED,
ERA5_ON_GRID,CanESM5,historical,sfcWind,1,1959-01,2014-12,672,14,25,15.348364759491508,51.625733674938296,70.3125,137.8125,m s-1,float32,0.09038269519805908,12.709927558898926,100.0,PASSED,
CMIP6,FGOALS-f3-L,historical,tas,1,1959-01,2014-12,672,39,56,15.5,53.5,70.625,139.375,K,float32,238.29847717285156,300.5229187011719,100.0,PASSED,
CMIP6,FGOALS-f3-L,historical,rsds,1,1959-01,2014-12,672,39,56,15.5,53.5,70.625,139.375,W m-2,float32,27.261045455932617,248.86143493652344,100.0,PASSED,
CMIP6,FGOALS-f3-L,historical,sfcWind,1,1959-01,2014-12,672,39,56,15.5,53.5,70.625,139.375,m s-1,float32,1.4264073371887207,12.849312782287598,100.0,PASSED,
CMIP6,FGOALS-f3-L,ssp126,tas,1,2015-01,2100-12,1032,39,56,15.5,53.5,70.625,139.375,K,float32,240.6824951171875,300.45849609375,100.0,PASSED,
CMIP6,FGOALS-f3-L,ssp126,rsds,1,2015-01,2100-12,1032,39,56,15.5,53.5,70.625,139.375,W m-2,float32,23.1807861328125,241.31854248046875,100.0,PASSED,
CMIP6,FGOALS-f3-L,ssp126,sfcWind,1,2015-01,2100-12,1032,39,56,15.5,53.5,70.625,139.375,m s-1,float32,1.4607899188995361,14.216155052185059,100.0,PASSED,
CMIP6,FGOALS-f3-L,ssp245,tas,1,2015-01,2100-12,1032,39,56,15.5,53.5,70.625,139.375,K,float32,236.95654296875,301.4673767089844,100.0,PASSED,
CMIP6,FGOALS-f3-L,ssp245,rsds,1,2015-01,2100-12,1032,39,56,15.5,53.5,70.625,139.375,W m-2,float32,19.188152313232422,235.9866180419922,100.0,PASSED,
CMIP6,FGOALS-f3-L,ssp245,sfcWind,1,2015-01,2100-12,1032,39,56,15.5,53.5,70.625,139.375,m s-1,float32,1.4094144105911255,13.57483959197998,100.0,PASSED,
CMIP6,FGOALS-f3-L,ssp585,tas,1,2015-01,2100-12,1032,39,56,15.5,53.5,70.625,139.375,K,float32,240.70687866210938,303.7288818359375,100.0,PASSED,
CMIP6,FGOALS-f3-L,ssp585,rsds,1,2015-01,2100-12,1032,39,56,15.5,53.5,70.625,139.375,W m-2,float32,19.87570571899414,242.0906219482422,100.0,PASSED,
CMIP6,FGOALS-f3-L,ssp585,sfcWind,1,2015-01,2100-12,1032,39,56,15.5,53.5,70.625,139.375,m s-1,float32,1.428093671798706,12.801003456115723,100.0,PASSED,
ERA5_ON_GRID,FGOALS-f3-L,historical,tas,1,1959-01,2014-12,672,39,56,15.5,53.5,70.625,139.375,K,float32,236.43190002441406,300.8720703125,100.0,PASSED,
ERA5_ON_GRID,FGOALS-f3-L,historical,rsds,1,1959-01,2014-12,672,39,56,15.5,53.5,70.625,139.375,W m-2,float32,26.139259338378906,244.5096435546875,100.0,PASSED,
ERA5_ON_GRID,FGOALS-f3-L,historical,sfcWind,1,1959-01,2014-12,672,39,56,15.5,53.5,70.625,139.375,m s-1,float32,0.06257110834121704,13.371662139892578,100.0,PASSED,
CMIP6,FIO-ESM-2-0,historical,tas,1,1959-01,2014-12,672,41,57,15.54973821989529,53.24607329842931,70.0,140.0,K,float32,233.69815063476562,300.95623779296875,100.0,PASSED,
CMIP6,FIO-ESM-2-0,historical,rsds,1,1959-01,2014-12,672,41,57,15.54973821989529,53.24607329842931,70.0,140.0,W m-2,float32,29.480228424072266,243.04383850097656,100.0,PASSED,
CMIP6,FIO-ESM-2-0,historical,sfcWind,1,1959-01,2014-12,672,41,57,15.54973821989529,53.24607329842931,70.0,140.0,m s-1,float32,0.8447108864784241,12.61150074005127,100.0,PASSED,
CMIP6,FIO-ESM-2-0,ssp126,tas,1,2015-01,2100-12,1032,41,57,15.54973821989529,53.24607329842931,70.0,140.0,K,float32,239.5696258544922,301.6192626953125,100.0,PASSED,
CMIP6,FIO-ESM-2-0,ssp126,rsds,1,2015-01,2100-12,1032,41,57,15.54973821989529,53.24607329842931,70.0,140.0,W m-2,float32,35.52906799316406,228.5364990234375,100.0,PASSED,
CMIP6,FIO-ESM-2-0,ssp126,sfcWind,1,2015-01,2100-12,1032,41,57,15.54973821989529,53.24607329842931,70.0,140.0,m s-1,float32,0.8797373175621033,11.60046672821045,100.0,PASSED,
CMIP6,FIO-ESM-2-0,ssp245,tas,1,2015-01,2100-12,1032,41,57,15.54973821989529,53.24607329842931,70.0,140.0,K,float32,240.25485229492188,302.677734375,100.0,PASSED,
CMIP6,FIO-ESM-2-0,ssp245,rsds,1,2015-01,2100-12,1032,41,57,15.54973821989529,53.24607329842931,70.0,140.0,W m-2,float32,31.91050910949707,229.6795654296875,100.0,PASSED,
CMIP6,FIO-ESM-2-0,ssp245,sfcWind,1,2015-01,2100-12,1032,41,57,15.54973821989529,53.24607329842931,70.0,140.0,m s-1,float32,0.8896076679229736,13.039642333984375,100.0,PASSED,
CMIP6,FIO-ESM-2-0,ssp585,tas,1,2015-01,2100-12,1032,41,57,15.54973821989529,53.24607329842931,70.0,140.0,K,float32,239.9081573486328,304.6817321777344,100.0,PASSED,
CMIP6,FIO-ESM-2-0,ssp585,rsds,1,2015-01,2100-12,1032,41,57,15.54973821989529,53.24607329842931,70.0,140.0,W m-2,float32,22.092117309570312,232.47833251953125,100.0,PASSED,
CMIP6,FIO-ESM-2-0,ssp585,sfcWind,1,2015-01,2100-12,1032,41,57,15.54973821989529,53.24607329842931,70.0,140.0,m s-1,float32,0.8477737307548523,12.521442413330078,100.0,PASSED,
ERA5_ON_GRID,FIO-ESM-2-0,historical,tas,1,1959-01,2014-12,672,41,57,15.54973821989529,53.24607329842931,70.0,140.0,K,float32,236.57904052734375,300.815673828125,100.0,PASSED,
ERA5_ON_GRID,FIO-ESM-2-0,historical,rsds,1,1959-01,2014-12,672,41,57,15.54973821989529,53.24607329842931,70.0,140.0,W m-2,float32,28.040550231933594,244.57810974121094,100.0,PASSED,
ERA5_ON_GRID,FIO-ESM-2-0,historical,sfcWind,1,1959-01,2014-12,672,41,57,15.54973821989529,53.24607329842931,70.0,140.0,m s-1,float32,0.03857779502868652,13.1322021484375,100.0,PASSED,
CMIP6,IPSL-CM6A-LR,historical,tas,1,1959-01,2014-12,672,31,29,15.211267471313477,53.239437103271484,70.0,140.0,K,float32,235.0963592529297,301.2004699707031,100.0,PASSED,
CMIP6,IPSL-CM6A-LR,historical,rsds,1,1959-01,2014-12,672,31,29,15.211267471313477,53.239437103271484,70.0,140.0,W m-2,float32,22.1284236907959,250.3174285888672,100.0,PASSED,
CMIP6,IPSL-CM6A-LR,historical,sfcWind,1,1959-01,2014-12,672,31,29,15.211267471313477,53.239437103271484,70.0,140.0,m s-1,float32,1.0828880071640015,12.201069831848145,100.0,PASSED,
CMIP6,IPSL-CM6A-LR,ssp126,tas,1,2015-01,2100-12,1032,31,29,15.211267471313477,53.239437103271484,70.0,140.0,K,float32,237.2391815185547,301.7301940917969,100.0,PASSED,
CMIP6,IPSL-CM6A-LR,ssp126,rsds,1,2015-01,2100-12,1032,31,29,15.211267471313477,53.239437103271484,70.0,140.0,W m-2,float32,18.10494041442871,243.6498565673828,100.0,PASSED,
CMIP6,IPSL-CM6A-LR,ssp126,sfcWind,1,2015-01,2100-12,1032,31,29,15.211267471313477,53.239437103271484,70.0,140.0,m s-1,float32,0.9668546915054321,12.495853424072266,100.0,PASSED,
CMIP6,IPSL-CM6A-LR,ssp245,tas,1,2015-01,2100-12,1032,31,29,15.211267471313477,53.239437103271484,70.0,140.0,K,float32,237.57913208007812,303.474853515625,100.0,PASSED,
CMIP6,IPSL-CM6A-LR,ssp245,rsds,1,2015-01,2100-12,1032,31,29,15.211267471313477,53.239437103271484,70.0,140.0,W m-2,float32,19.52338218688965,248.39913940429688,100.0,PASSED,
CMIP6,IPSL-CM6A-LR,ssp245,sfcWind,1,2015-01,2100-12,1032,31,29,15.211267471313477,53.239437103271484,70.0,140.0,m s-1,float32,1.035517692565918,12.232434272766113,100.0,PASSED,
CMIP6,IPSL-CM6A-LR,ssp585,tas,1,2015-01,2100-12,1032,31,29,15.211267471313477,53.239437103271484,70.0,140.0,K,float32,239.71763610839844,305.8741760253906,100.0,PASSED,
CMIP6,IPSL-CM6A-LR,ssp585,rsds,1,2015-01,2100-12,1032,31,29,15.211267471313477,53.239437103271484,70.0,140.0,W m-2,float32,17.85076904296875,248.07191467285156,100.0,PASSED,
CMIP6,IPSL-CM6A-LR,ssp585,sfcWind,1,2015-01,2100-12,1032,31,29,15.211267471313477,53.239437103271484,70.0,140.0,m s-1,float32,1.0281544923782349,12.34850025177002,100.0,PASSED,
ERA5_ON_GRID,IPSL-CM6A-LR,historical,tas,1,1959-01,2014-12,672,31,29,15.211267471313477,53.239437103271484,70.0,140.0,K,float32,237.63494873046875,300.8938293457031,100.0,PASSED,
ERA5_ON_GRID,IPSL-CM6A-LR,historical,rsds,1,1959-01,2014-12,672,31,29,15.211267471313477,53.239437103271484,70.0,140.0,W m-2,float32,28.09906768798828,246.06414794921875,100.0,PASSED,
ERA5_ON_GRID,IPSL-CM6A-LR,historical,sfcWind,1,1959-01,2014-12,672,31,29,15.211267471313477,53.239437103271484,70.0,140.0,m s-1,float32,0.03764047101140022,12.987853050231934,100.0,PASSED,
CMIP6,KACE-1-0-G,historical,tas,1,1959-01,2014-12,672,31,38,15.625,53.125,70.3125,139.6875,K,float32,239.326171875,302.706787109375,100.0,PASSED,
CMIP6,KACE-1-0-G,historical,rsds,1,1959-01,2014-12,672,31,38,15.625,53.125,70.3125,139.6875,W m-2,float32,26.446823120117188,248.8560791015625,100.0,PASSED,
CMIP6,KACE-1-0-G,historical,sfcWind,1,1959-01,2014-12,672,31,38,15.625,53.125,70.3125,139.6875,m s-1,float32,0.6991195678710938,11.763557434082031,100.0,PASSED,
CMIP6,KACE-1-0-G,ssp126,tas,1,2015-01,2100-12,1032,31,38,15.625,53.125,70.3125,139.6875,K,float32,240.4140625,303.121826171875,100.0,PASSED,
CMIP6,KACE-1-0-G,ssp126,rsds,1,2015-01,2100-12,1032,31,38,15.625,53.125,70.3125,139.6875,W m-2,float32,28.652021408081055,249.4525604248047,100.0,PASSED,
CMIP6,KACE-1-0-G,ssp126,sfcWind,1,2015-01,2100-12,1032,31,38,15.625,53.125,70.3125,139.6875,m s-1,float32,0.8092193603515625,10.819160461425781,100.0,PASSED,
CMIP6,KACE-1-0-G,ssp245,tas,1,2015-01,2100-12,1032,31,38,15.625,53.125,70.3125,139.6875,K,float32,238.6962890625,304.0947265625,100.0,PASSED,
CMIP6,KACE-1-0-G,ssp245,rsds,1,2015-01,2100-12,1032,31,38,15.625,53.125,70.3125,139.6875,W m-2,float32,24.909622192382812,239.36219787597656,100.0,PASSED,
CMIP6,KACE-1-0-G,ssp245,sfcWind,1,2015-01,2100-12,1032,31,38,15.625,53.125,70.3125,139.6875,m s-1,float32,0.7872695922851562,10.699295043945312,100.0,PASSED,
CMIP6,KACE-1-0-G,ssp585,tas,1,2015-01,2100-12,1032,31,38,15.625,53.125,70.3125,139.6875,K,float32,239.581298828125,306.588134765625,100.0,PASSED,
CMIP6,KACE-1-0-G,ssp585,rsds,1,2015-01,2100-12,1032,31,38,15.625,53.125,70.3125,139.6875,W m-2,float32,28.993785858154297,240.69569396972656,100.0,PASSED,
CMIP6,KACE-1-0-G,ssp585,sfcWind,1,2015-01,2100-12,1032,31,38,15.625,53.125,70.3125,139.6875,m s-1,float32,0.772918701171875,12.985267639160156,100.0,PASSED,
ERA5_ON_GRID,KACE-1-0-G,historical,tas,1,1959-01,2014-12,672,31,38,15.625,53.125,70.3125,139.6875,K,float32,237.36622619628906,300.78466796875,100.0,PASSED,
ERA5_ON_GRID,KACE-1-0-G,historical,rsds,1,1959-01,2014-12,672,31,38,15.625,53.125,70.3125,139.6875,W m-2,float32,28.324443817138672,244.18222045898438,100.0,PASSED,
ERA5_ON_GRID,KACE-1-0-G,historical,sfcWind,1,1959-01,2014-12,672,31,38,15.625,53.125,70.3125,139.6875,m s-1,float32,0.04270756244659424,13.064867973327637,100.0,PASSED,
CMIP6,MPI-ESM1-2-HR,historical,tas,1,1959-01,2014-12,672,42,75,15.42851808967424,53.76597003190101,70.3125,139.6875,K,float32,242.6882781982422,301.6207275390625,100.0,PASSED,
CMIP6,MPI-ESM1-2-HR,historical,rsds,1,1959-01,2014-12,672,42,75,15.42851808967424,53.76597003190101,70.3125,139.6875,W m-2,float32,20.80517578125,250.34716796875,100.0,PASSED,
CMIP6,MPI-ESM1-2-HR,historical,sfcWind,1,1959-01,2014-12,672,42,75,15.42851808967424,53.76597003190101,70.3125,139.6875,m s-1,float32,0.5731539130210876,12.677323341369629,100.0,PASSED,
CMIP6,MPI-ESM1-2-HR,ssp126,tas,1,2015-01,2100-12,1032,42,75,15.42851808967424,53.76597003190101,70.3125,139.6875,K,float32,245.1830291748047,301.6664733886719,100.0,PASSED,
CMIP6,MPI-ESM1-2-HR,ssp126,rsds,1,2015-01,2100-12,1032,42,75,15.42851808967424,53.76597003190101,70.3125,139.6875,W m-2,float32,20.8525390625,241.881591796875,100.0,PASSED,
CMIP6,MPI-ESM1-2-HR,ssp126,sfcWind,1,2015-01,2100-12,1032,42,75,15.42851808967424,53.76597003190101,70.3125,139.6875,m s-1,float32,0.6222958564758301,13.291240692138672,100.0,PASSED,
CMIP6,MPI-ESM1-2-HR,ssp245,tas,1,2015-01,2100-12,1032,42,75,15.42851808967424,53.76597003190101,70.3125,139.6875,K,float32,246.44825744628906,302.0093994140625,100.0,PASSED,
CMIP6,MPI-ESM1-2-HR,ssp245,rsds,1,2015-01,2100-12,1032,42,75,15.42851808967424,53.76597003190101,70.3125,139.6875,W m-2,float32,18.161865234375,235.22119140625,100.0,PASSED,
CMIP6,MPI-ESM1-2-HR,ssp245,sfcWind,1,2015-01,2100-12,1032,42,75,15.42851808967424,53.76597003190101,70.3125,139.6875,m s-1,float32,0.5434720516204834,12.611776351928711,100.0,PASSED,
CMIP6,MPI-ESM1-2-HR,ssp585,tas,1,2015-01,2100-12,1032,42,75,15.42851808967424,53.76597003190101,70.3125,139.6875,K,float32,246.7369384765625,304.20697021484375,100.0,PASSED,
CMIP6,MPI-ESM1-2-HR,ssp585,rsds,1,2015-01,2100-12,1032,42,75,15.42851808967424,53.76597003190101,70.3125,139.6875,W m-2,float32,15.569091796875,237.651611328125,100.0,PASSED,
CMIP6,MPI-ESM1-2-HR,ssp585,sfcWind,1,2015-01,2100-12,1032,42,75,15.42851808967424,53.76597003190101,70.3125,139.6875,m s-1,float32,0.5694725513458252,12.912734031677246,100.0,PASSED,
ERA5_ON_GRID,MPI-ESM1-2-HR,historical,tas,1,1959-01,2014-12,672,42,75,15.42851808967424,53.76597003190101,70.3125,139.6875,K,float32,237.20401000976562,300.8289794921875,100.0,PASSED,
ERA5_ON_GRID,MPI-ESM1-2-HR,historical,rsds,1,1959-01,2014-12,672,42,75,15.42851808967424,53.76597003190101,70.3125,139.6875,W m-2,float32,24.001543045043945,245.1050262451172,100.0,PASSED,
ERA5_ON_GRID,MPI-ESM1-2-HR,historical,sfcWind,1,1959-01,2014-12,672,42,75,15.42851808967424,53.76597003190101,70.3125,139.6875,m s-1,float32,0.045495789498090744,13.162254333496094,100.0,PASSED,
CMIP6,MPI-ESM1-2-LR,historical,tas,1,1959-01,2014-12,672,21,37,15.854703869694873,53.15959537001968,71.25,138.75,K,float32,242.82679748535156,299.8031005859375,100.0,PASSED,
CMIP6,MPI-ESM1-2-LR,historical,rsds,1,1959-01,2014-12,672,21,37,15.854703869694873,53.15959537001968,71.25,138.75,W m-2,float32,25.67822265625,237.418212890625,100.0,PASSED,
CMIP6,MPI-ESM1-2-LR,historical,sfcWind,1,1959-01,2014-12,672,21,37,15.854703869694873,53.15959537001968,71.25,138.75,m s-1,float32,0.9097574353218079,12.361173629760742,100.0,PASSED,
CMIP6,MPI-ESM1-2-LR,ssp126,tas,1,2015-01,2100-12,1032,21,37,15.854703869694873,53.15959537001968,71.25,138.75,K,float32,246.8999786376953,300.89996337890625,100.0,PASSED,
CMIP6,MPI-ESM1-2-LR,ssp126,rsds,1,2015-01,2100-12,1032,21,37,15.854703869694873,53.15959537001968,71.25,138.75,W m-2,float32,22.332763671875,231.659423828125,100.0,PASSED,
CMIP6,MPI-ESM1-2-LR,ssp126,sfcWind,1,2015-01,2100-12,1032,21,37,15.854703869694873,53.15959537001968,71.25,138.75,m s-1,float32,0.8633559346199036,13.331432342529297,100.0,PASSED,
CMIP6,MPI-ESM1-2-LR,ssp245,tas,1,2015-01,2100-12,1032,21,37,15.854703869694873,53.15959537001968,71.25,138.75,K,float32,246.5463409423828,301.7669677734375,100.0,PASSED,
CMIP6,MPI-ESM1-2-LR,ssp245,rsds,1,2015-01,2100-12,1032,21,37,15.854703869694873,53.15959537001968,71.25,138.75,W m-2,float32,18.16943359375,238.008056640625,100.0,PASSED,
CMIP6,MPI-ESM1-2-LR,ssp245,sfcWind,1,2015-01,2100-12,1032,21,37,15.854703869694873,53.15959537001968,71.25,138.75,m s-1,float32,0.8200347423553467,12.72767448425293,100.0,PASSED,
CMIP6,MPI-ESM1-2-LR,ssp585,tas,1,2015-01,2100-12,1032,21,37,15.854703869694873,53.15959537001968,71.25,138.75,K,float32,246.11798095703125,303.46514892578125,100.0,PASSED,
CMIP6,MPI-ESM1-2-LR,ssp585,rsds,1,2015-01,2100-12,1032,21,37,15.854703869694873,53.15959537001968,71.25,138.75,W m-2,float32,18.0390625,223.055908203125,100.0,PASSED,
CMIP6,MPI-ESM1-2-LR,ssp585,sfcWind,1,2015-01,2100-12,1032,21,37,15.854703869694873,53.15959537001968,71.25,138.75,m s-1,float32,0.9213958382606506,13.252547264099121,100.0,PASSED,
ERA5_ON_GRID,MPI-ESM1-2-LR,historical,tas,1,1959-01,2014-12,672,21,37,15.854703869694873,53.15959537001968,71.25,138.75,K,float32,236.79283142089844,300.64019775390625,100.0,PASSED,
ERA5_ON_GRID,MPI-ESM1-2-LR,historical,rsds,1,1959-01,2014-12,672,21,37,15.854703869694873,53.15959537001968,71.25,138.75,W m-2,float32,28.673751831054688,243.33450317382812,100.0,PASSED,
ERA5_ON_GRID,MPI-ESM1-2-LR,historical,sfcWind,1,1959-01,2014-12,672,21,37,15.854703869694873,53.15959537001968,71.25,138.75,m s-1,float32,0.058586880564689636,12.423869132995605,100.0,PASSED,
CMIP6,MRI-ESM2-0,historical,tas,1,1959-01,2014-12,672,35,62,15.14011,53.27066,70.875,139.5,K,float32,238.5327911376953,300.73699951171875,100.0,PASSED,
CMIP6,MRI-ESM2-0,historical,rsds,1,1959-01,2014-12,672,35,62,15.14011,53.27066,70.875,139.5,W m-2,float32,19.671710968017578,246.35557556152344,100.0,PASSED,
CMIP6,MRI-ESM2-0,historical,sfcWind,1,1959-01,2014-12,672,35,62,15.14011,53.27066,70.875,139.5,m s-1,float32,0.9434992074966431,12.599693298339844,100.0,PASSED,
CMIP6,MRI-ESM2-0,ssp126,tas,1,2015-01,2100-12,1032,35,62,15.14011,53.27066,70.875,139.5,K,float32,243.10943603515625,301.96966552734375,100.0,PASSED,
CMIP6,MRI-ESM2-0,ssp126,rsds,1,2015-01,2100-12,1032,35,62,15.14011,53.27066,70.875,139.5,W m-2,float32,25.003467559814453,252.12152099609375,100.0,PASSED,
CMIP6,MRI-ESM2-0,ssp126,sfcWind,1,2015-01,2100-12,1032,35,62,15.14011,53.27066,70.875,139.5,m s-1,float32,1.0017751455307007,13.694493293762207,100.0,PASSED,
CMIP6,MRI-ESM2-0,ssp245,tas,1,2015-01,2100-12,1032,35,62,15.14011,53.27066,70.875,139.5,K,float32,242.94837951660156,301.9954528808594,100.0,PASSED,
CMIP6,MRI-ESM2-0,ssp245,rsds,1,2015-01,2100-12,1032,35,62,15.14011,53.27066,70.875,139.5,W m-2,float32,25.34739875793457,242.06353759765625,100.0,PASSED,
CMIP6,MRI-ESM2-0,ssp245,sfcWind,1,2015-01,2100-12,1032,35,62,15.14011,53.27066,70.875,139.5,m s-1,float32,0.9638272523880005,13.512469291687012,100.0,PASSED,
CMIP6,MRI-ESM2-0,ssp585,tas,1,2015-01,2100-12,1032,35,62,15.14011,53.27066,70.875,139.5,K,float32,242.08460998535156,306.7606201171875,100.0,PASSED,
CMIP6,MRI-ESM2-0,ssp585,rsds,1,2015-01,2100-12,1032,35,62,15.14011,53.27066,70.875,139.5,W m-2,float32,19.160675048828125,246.33554077148438,100.0,PASSED,
CMIP6,MRI-ESM2-0,ssp585,sfcWind,1,2015-01,2100-12,1032,35,62,15.14011,53.27066,70.875,139.5,m s-1,float32,0.9647600650787354,13.501923561096191,100.0,PASSED,
ERA5_ON_GRID,MRI-ESM2-0,historical,tas,1,1959-01,2014-12,672,35,62,15.14011,53.27066,70.875,139.5,K,float32,236.87466430664062,300.9683532714844,100.0,PASSED,
ERA5_ON_GRID,MRI-ESM2-0,historical,rsds,1,1959-01,2014-12,672,35,62,15.14011,53.27066,70.875,139.5,W m-2,float32,27.813610076904297,246.5784912109375,100.0,PASSED,
ERA5_ON_GRID,MRI-ESM2-0,historical,sfcWind,1,1959-01,2014-12,672,35,62,15.14011,53.27066,70.875,139.5,m s-1,float32,0.055663321167230606,13.305856704711914,100.0,PASSED,
CMIP6,TaiESM1,historical,tas,1,1959-01,2014-12,672,41,57,15.54973821989529,53.24607329842931,70.0,140.0,K,float32,236.7632598876953,301.5345458984375,100.0,PASSED,
CMIP6,TaiESM1,historical,rsds,1,1959-01,2014-12,672,41,57,15.54973821989529,53.24607329842931,70.0,140.0,W m-2,float32,22.204147338867188,233.65133666992188,100.0,PASSED,
CMIP6,TaiESM1,historical,sfcWind,1,1959-01,2014-12,672,41,57,15.54973821989529,53.24607329842931,70.0,140.0,m s-1,float32,0.8174125552177429,12.537222862243652,100.0,PASSED,
CMIP6,TaiESM1,ssp126,tas,1,2015-01,2100-12,1032,41,57,15.54973821989529,53.24607329842931,70.0,140.0,K,float32,241.61819458007812,302.5837707519531,100.0,PASSED,
CMIP6,TaiESM1,ssp126,rsds,1,2015-01,2100-12,1032,41,57,15.54973821989529,53.24607329842931,70.0,140.0,W m-2,float32,31.42829704284668,235.24169921875,100.0,PASSED,
CMIP6,TaiESM1,ssp126,sfcWind,1,2015-01,2100-12,1032,41,57,15.54973821989529,53.24607329842931,70.0,140.0,m s-1,float32,0.8827103972434998,13.212778091430664,100.0,PASSED,
CMIP6,TaiESM1,ssp245,tas,1,2015-01,2100-12,1032,41,57,15.54973821989529,53.24607329842931,70.0,140.0,K,float32,241.3670654296875,303.1330871582031,100.0,PASSED,
CMIP6,TaiESM1,ssp245,rsds,1,2015-01,2100-12,1032,41,57,15.54973821989529,53.24607329842931,70.0,140.0,W m-2,float32,24.122119903564453,237.7703094482422,100.0,PASSED,
CMIP6,TaiESM1,ssp245,sfcWind,1,2015-01,2100-12,1032,41,57,15.54973821989529,53.24607329842931,70.0,140.0,m s-1,float32,0.8969159722328186,13.679143905639648,100.0,PASSED,
CMIP6,TaiESM1,ssp585,tas,1,2015-01,2100-12,1032,41,57,15.54973821989529,53.24607329842931,70.0,140.0,K,float32,240.20382690429688,306.923583984375,100.0,PASSED,
CMIP6,TaiESM1,ssp585,rsds,1,2015-01,2100-12,1032,41,57,15.54973821989529,53.24607329842931,70.0,140.0,W m-2,float32,21.813465118408203,241.4955596923828,100.0,PASSED,
CMIP6,TaiESM1,ssp585,sfcWind,1,2015-01,2100-12,1032,41,57,15.54973821989529,53.24607329842931,70.0,140.0,m s-1,float32,0.9012192487716675,13.482710838317871,100.0,PASSED,
ERA5_ON_GRID,TaiESM1,historical,tas,1,1959-01,2014-12,672,41,57,15.54973821989529,53.24607329842931,70.0,140.0,K,float32,236.57904052734375,300.815673828125,100.0,PASSED,
ERA5_ON_GRID,TaiESM1,historical,rsds,1,1959-01,2014-12,672,41,57,15.54973821989529,53.24607329842931,70.0,140.0,W m-2,float32,28.040550231933594,244.57810974121094,100.0,PASSED,
ERA5_ON_GRID,TaiESM1,historical,sfcWind,1,1959-01,2014-12,672,41,57,15.54973821989529,53.24607329842931,70.0,140.0,m s-1,float32,0.03857779502868652,13.1322021484375,100.0,PASSED,
PAIR,ACCESS-CM2,historical,tas,2,1959-01,2014-12,672,31,38,15.625,53.125,70.3125,139.6875,K,,nan,nan,nan,PASSED,
PAIR,ACCESS-CM2,historical,rsds,2,1959-01,2014-12,672,31,38,15.625,53.125,70.3125,139.6875,W m-2,,nan,nan,nan,PASSED,
PAIR,ACCESS-CM2,historical,sfcWind,2,1959-01,2014-12,672,31,38,15.625,53.125,70.3125,139.6875,m s-1,,nan,nan,nan,PASSED,
PAIR,ACCESS-ESM1-5,historical,tas,2,1959-01,2014-12,672,32,37,15.0,53.75,71.25,138.75,K,,nan,nan,nan,PASSED,
PAIR,ACCESS-ESM1-5,historical,rsds,2,1959-01,2014-12,672,32,37,15.0,53.75,71.25,138.75,W m-2,,nan,nan,nan,PASSED,
PAIR,ACCESS-ESM1-5,historical,sfcWind,2,1959-01,2014-12,672,32,37,15.0,53.75,71.25,138.75,m s-1,,nan,nan,nan,PASSED,
PAIR,AWI-CM-1-1-MR,historical,tas,2,1959-01,2014-12,672,42,75,15.42851808967424,53.76597003190102,70.3125,139.6875,K,,nan,nan,nan,PASSED,
PAIR,AWI-CM-1-1-MR,historical,rsds,2,1959-01,2014-12,672,42,75,15.42851808967424,53.76597003190102,70.3125,139.6875,W m-2,,nan,nan,nan,PASSED,
PAIR,AWI-CM-1-1-MR,historical,sfcWind,2,1959-01,2014-12,672,42,75,15.42851808967424,53.76597003190102,70.3125,139.6875,m s-1,,nan,nan,nan,PASSED,
PAIR,BCC-CSM2-MR,historical,tas,2,1959-01,2014-12,672,35,62,15.140111692110695,53.270655459398434,70.875,139.5,K,,nan,nan,nan,PASSED,
PAIR,BCC-CSM2-MR,historical,rsds,2,1959-01,2014-12,672,35,62,15.140111692110695,53.270655459398434,70.875,139.5,W m-2,,nan,nan,nan,PASSED,
PAIR,BCC-CSM2-MR,historical,sfcWind,2,1959-01,2014-12,672,35,62,15.140111692110695,53.270655459398434,70.875,139.5,m s-1,,nan,nan,nan,PASSED,
PAIR,CAS-ESM2-0,historical,tas,2,1959-01,2014-12,672,27,50,16.299213409423828,53.14960479736328,70.3125,139.21875,K,,nan,nan,nan,PASSED,
PAIR,CAS-ESM2-0,historical,rsds,2,1959-01,2014-12,672,27,50,16.299213409423828,53.14960479736328,70.3125,139.21875,W m-2,,nan,nan,nan,PASSED,
PAIR,CAS-ESM2-0,historical,sfcWind,2,1959-01,2014-12,672,27,50,16.299213409423828,53.14960479736328,70.3125,139.21875,m s-1,,nan,nan,nan,PASSED,
PAIR,CESM2-WACCM,historical,tas,2,1959-01,2014-12,672,41,57,15.54973821989529,53.24607329842931,70.0,140.0,K,,nan,nan,nan,PASSED,
PAIR,CESM2-WACCM,historical,rsds,2,1959-01,2014-12,672,41,57,15.54973821989529,53.24607329842931,70.0,140.0,W m-2,,nan,nan,nan,PASSED,
PAIR,CESM2-WACCM,historical,sfcWind,2,1959-01,2014-12,672,41,57,15.54973821989529,53.24607329842931,70.0,140.0,m s-1,,nan,nan,nan,PASSED,
PAIR,CMCC-CM2-SR5,historical,tas,2,1959-01,2014-12,672,41,57,15.54973821989529,53.24607329842931,70.0,140.0,K,,nan,nan,nan,PASSED,
PAIR,CMCC-CM2-SR5,historical,rsds,2,1959-01,2014-12,672,41,57,15.54973821989529,53.24607329842931,70.0,140.0,W m-2,,nan,nan,nan,PASSED,
PAIR,CMCC-CM2-SR5,historical,sfcWind,2,1959-01,2014-12,672,41,57,15.54973821989529,53.24607329842931,70.0,140.0,m s-1,,nan,nan,nan,PASSED,
PAIR,CMCC-ESM2,historical,tas,2,1959-01,2014-12,672,41,57,15.54973821989529,53.24607329842931,70.0,140.0,K,,nan,nan,nan,PASSED,
PAIR,CMCC-ESM2,historical,rsds,2,1959-01,2014-12,672,41,57,15.54973821989529,53.24607329842931,70.0,140.0,W m-2,,nan,nan,nan,PASSED,
PAIR,CMCC-ESM2,historical,sfcWind,2,1959-01,2014-12,672,41,57,15.54973821989529,53.24607329842931,70.0,140.0,m s-1,,nan,nan,nan,PASSED,
PAIR,CanESM5,historical,tas,2,1959-01,2014-12,672,14,25,15.348364759491508,51.625733674938296,70.3125,137.8125,K,,nan,nan,nan,PASSED,
PAIR,CanESM5,historical,rsds,2,1959-01,2014-12,672,14,25,15.348364759491508,51.625733674938296,70.3125,137.8125,W m-2,,nan,nan,nan,PASSED,
PAIR,CanESM5,historical,sfcWind,2,1959-01,2014-12,672,14,25,15.348364759491508,51.625733674938296,70.3125,137.8125,m s-1,,nan,nan,nan,PASSED,
PAIR,FGOALS-f3-L,historical,tas,2,1959-01,2014-12,672,39,56,15.5,53.5,70.625,139.375,K,,nan,nan,nan,PASSED,
PAIR,FGOALS-f3-L,historical,rsds,2,1959-01,2014-12,672,39,56,15.5,53.5,70.625,139.375,W m-2,,nan,nan,nan,PASSED,
PAIR,FGOALS-f3-L,historical,sfcWind,2,1959-01,2014-12,672,39,56,15.5,53.5,70.625,139.375,m s-1,,nan,nan,nan,PASSED,
PAIR,FIO-ESM-2-0,historical,tas,2,1959-01,2014-12,672,41,57,15.54973821989529,53.24607329842931,70.0,140.0,K,,nan,nan,nan,PASSED,
PAIR,FIO-ESM-2-0,historical,rsds,2,1959-01,2014-12,672,41,57,15.54973821989529,53.24607329842931,70.0,140.0,W m-2,,nan,nan,nan,PASSED,
PAIR,FIO-ESM-2-0,historical,sfcWind,2,1959-01,2014-12,672,41,57,15.54973821989529,53.24607329842931,70.0,140.0,m s-1,,nan,nan,nan,PASSED,
PAIR,IPSL-CM6A-LR,historical,tas,2,1959-01,2014-12,672,31,29,15.211267471313477,53.239437103271484,70.0,140.0,K,,nan,nan,nan,PASSED,
PAIR,IPSL-CM6A-LR,historical,rsds,2,1959-01,2014-12,672,31,29,15.211267471313477,53.239437103271484,70.0,140.0,W m-2,,nan,nan,nan,PASSED,
PAIR,IPSL-CM6A-LR,historical,sfcWind,2,1959-01,2014-12,672,31,29,15.211267471313477,53.239437103271484,70.0,140.0,m s-1,,nan,nan,nan,PASSED,
PAIR,KACE-1-0-G,historical,tas,2,1959-01,2014-12,672,31,38,15.625,53.125,70.3125,139.6875,K,,nan,nan,nan,PASSED,
PAIR,KACE-1-0-G,historical,rsds,2,1959-01,2014-12,672,31,38,15.625,53.125,70.3125,139.6875,W m-2,,nan,nan,nan,PASSED,
PAIR,KACE-1-0-G,historical,sfcWind,2,1959-01,2014-12,672,31,38,15.625,53.125,70.3125,139.6875,m s-1,,nan,nan,nan,PASSED,
PAIR,MPI-ESM1-2-HR,historical,tas,2,1959-01,2014-12,672,42,75,15.42851808967424,53.76597003190101,70.3125,139.6875,K,,nan,nan,nan,PASSED,
PAIR,MPI-ESM1-2-HR,historical,rsds,2,1959-01,2014-12,672,42,75,15.42851808967424,53.76597003190101,70.3125,139.6875,W m-2,,nan,nan,nan,PASSED,
PAIR,MPI-ESM1-2-HR,historical,sfcWind,2,1959-01,2014-12,672,42,75,15.42851808967424,53.76597003190101,70.3125,139.6875,m s-1,,nan,nan,nan,PASSED,
PAIR,MPI-ESM1-2-LR,historical,tas,2,1959-01,2014-12,672,21,37,15.854703869694873,53.15959537001968,71.25,138.75,K,,nan,nan,nan,PASSED,
PAIR,MPI-ESM1-2-LR,historical,rsds,2,1959-01,2014-12,672,21,37,15.854703869694873,53.15959537001968,71.25,138.75,W m-2,,nan,nan,nan,PASSED,
PAIR,MPI-ESM1-2-LR,historical,sfcWind,2,1959-01,2014-12,672,21,37,15.854703869694873,53.15959537001968,71.25,138.75,m s-1,,nan,nan,nan,PASSED,
PAIR,MRI-ESM2-0,historical,tas,2,1959-01,2014-12,672,35,62,15.14011,53.27066,70.875,139.5,K,,nan,nan,nan,PASSED,
PAIR,MRI-ESM2-0,historical,rsds,2,1959-01,2014-12,672,35,62,15.14011,53.27066,70.875,139.5,W m-2,,nan,nan,nan,PASSED,
PAIR,MRI-ESM2-0,historical,sfcWind,2,1959-01,2014-12,672,35,62,15.14011,53.27066,70.875,139.5,m s-1,,nan,nan,nan,PASSED,
PAIR,TaiESM1,historical,tas,2,1959-01,2014-12,672,41,57,15.54973821989529,53.24607329842931,70.0,140.0,K,,nan,nan,nan,PASSED,
PAIR,TaiESM1,historical,rsds,2,1959-01,2014-12,672,41,57,15.54973821989529,53.24607329842931,70.0,140.0,W m-2,,nan,nan,nan,PASSED,
PAIR,TaiESM1,historical,sfcWind,2,1959-01,2014-12,672,41,57,15.54973821989529,53.24607329842931,70.0,140.0,m s-1,,nan,nan,nan,PASSED,
