model,variable,monthly_sample_size,median_absolute_mean_bias,median_q99_sensitivity_p90_percent,worst_month_q99_sensitivity_p90_percent,maximum_near_zero_value_percent,maximum_q01_multiplicative_invalid_percent,tail_sensitivity_flag,diagnostic_suggested_quantile_bounds,lower_tail_action,final_method_status
ACCESS-CM2,tas,56,0.9572187151227638,0.259842861243074,0.4006272267192731,0.0,0.0,MODERATE_OR_LOW,0.02-0.98,Multiplicative factors are numerically stable in kelvin; compare multiplicative and additive diagnostics,Diagnostic suggestion only; confirm after reviewing monthly CSV and heatmaps
ACCESS-CM2,rsds,56,5.393787588391984,3.553220627687882,4.817761965979446,0.0,0.0,MODERATE_OR_LOW,0.02-0.98,Bounded multiplicative QM is numerically feasible; retain a physical lower bound of zero,Diagnostic suggestion only; confirm after reviewing monthly CSV and heatmaps
ACCESS-CM2,sfcWind,56,1.4278608785410012,12.245173968106789,14.229308091765624,0.3259155954402134,0.0,HIGH,0.05-0.95,Bounded multiplicative QM is numerically feasible; retain a physical lower bound of zero,Diagnostic suggestion only; confirm after reviewing monthly CSV and heatmaps
ACCESS-ESM1-5,tas,56,0.6024856567382812,0.30156898212513616,0.42823539773871844,0.0,0.0,MODERATE_OR_LOW,0.02-0.98,Multiplicative factors are numerically stable in kelvin; compare multiplicative and additive diagnostics,Diagnostic suggestion only; confirm after reviewing monthly CSV and heatmaps
ACCESS-ESM1-5,rsds,56,3.3831481252397815,3.684104229171372,4.712786206135573,0.0,0.0,MODERATE_OR_LOW,0.02-0.98,Bounded multiplicative QM is numerically feasible; retain a physical lower bound of zero,Diagnostic suggestion only; confirm after reviewing monthly CSV and heatmaps
ACCESS-ESM1-5,sfcWind,56,1.827538246405311,12.411901260942543,14.144275222812444,0.855152027027027,0.0,HIGH,0.05-0.95,Bounded multiplicative QM is numerically feasible; retain a physical lower bound of zero,Diagnostic suggestion only; confirm after reviewing monthly CSV and heatmaps
AWI-CM-1-1-MR,tas,56,0.7808324268886082,0.33636000777935426,0.44686222738761006,0.0,0.0,MODERATE_OR_LOW,0.02-0.98,Multiplicative factors are numerically stable in kelvin; compare multiplicative and additive diagnostics,Diagnostic suggestion only; confirm after reviewing monthly CSV and heatmaps
AWI-CM-1-1-MR,rsds,56,5.909341028758462,3.2062905651423184,4.835430729473233,0.0,0.0,MODERATE_OR_LOW,0.02-0.98,Bounded multiplicative QM is numerically feasible; retain a physical lower bound of zero,Diagnostic suggestion only; confirm after reviewing monthly CSV and heatmaps
AWI-CM-1-1-MR,sfcWind,56,1.8789656407066755,12.515716951461147,14.474616610631172,0.4988662131519274,0.0,HIGH,0.05-0.95,Bounded multiplicative QM is numerically feasible; retain a physical lower bound of zero,Diagnostic suggestion only; confirm after reviewing monthly CSV and heatmaps
BCC-CSM2-MR,tas,56,0.5042542730059125,0.316557521241976,0.49948588431911306,0.0,0.0,MODERATE_OR_LOW,0.02-0.98,Multiplicative factors are numerically stable in kelvin; compare multiplicative and additive diagnostics,Diagnostic suggestion only; confirm after reviewing monthly CSV and heatmaps
BCC-CSM2-MR,rsds,56,8.08894191469463,3.6553644000186196,4.850726985154457,0.0,0.0,MODERATE_OR_LOW,0.02-0.98,Bounded multiplicative QM is numerically feasible; retain a physical lower bound of zero,Diagnostic suggestion only; confirm after reviewing monthly CSV and heatmaps
BCC-CSM2-MR,sfcWind,56,3.1137987621394654,12.403846841100819,14.204738877575194,0.4789335088874259,0.0,HIGH,0.05-0.95,Bounded multiplicative QM is numerically feasible; retain a physical lower bound of zero,Diagnostic suggestion only; confirm after reviewing monthly CSV and heatmaps
CAS-ESM2-0,tas,56,0.41258198874336927,0.27834966066346395,0.4629209068438329,0.0,0.0,MODERATE_OR_LOW,0.02-0.98,Multiplicative factors are numerically stable in kelvin; compare multiplicative and additive diagnostics,Diagnostic suggestion only; confirm after reviewing monthly CSV and heatmaps
CAS-ESM2-0,rsds,56,8.607625603675844,4.486448288552703,4.949553959865611,0.0,0.0,MODERATE_OR_LOW,0.02-0.98,Bounded multiplicative QM is numerically feasible; retain a physical lower bound of zero,Diagnostic suggestion only; confirm after reviewing monthly CSV and heatmaps
CAS-ESM2-0,sfcWind,56,0.5906947305026862,12.624278135108986,14.413853104036962,0.5013227513227513,0.0,HIGH,0.05-0.95,Bounded multiplicative QM is numerically feasible; retain a physical lower bound of zero,Diagnostic suggestion only; confirm after reviewing monthly CSV and heatmaps
CESM2-WACCM,tas,56,0.8600504738943755,0.2637564103419833,0.4468254718092806,0.0,0.0,MODERATE_OR_LOW,0.02-0.98,Multiplicative factors are numerically stable in kelvin; compare multiplicative and additive diagnostics,Diagnostic suggestion only; confirm after reviewing monthly CSV and heatmaps
CESM2-WACCM,rsds,56,4.691864967346191,3.726659456912695,4.767318606894927,0.0,0.0,MODERATE_OR_LOW,0.02-0.98,Bounded multiplicative QM is numerically feasible; retain a physical lower bound of zero,Diagnostic suggestion only; confirm after reviewing monthly CSV and heatmaps
CESM2-WACCM,sfcWind,56,1.9832447177863548,12.515307682508904,14.48535520841068,0.6235099944984412,0.0,HIGH,0.05-0.95,Bounded multiplicative QM is numerically feasible; retain a physical lower bound of zero,Diagnostic suggestion only; confirm after reviewing monthly CSV and heatmaps
CMCC-CM2-SR5,tas,56,0.6305536542620018,0.2850795031399047,0.4390821900382332,0.0,0.0,MODERATE_OR_LOW,0.02-0.98,Multiplicative factors are numerically stable in kelvin; compare multiplicative and additive diagnostics,Diagnostic suggestion only; confirm after reviewing monthly CSV and heatmaps
CMCC-CM2-SR5,rsds,56,4.834927013942178,3.727736479359317,4.767318606894927,0.0,0.0,MODERATE_OR_LOW,0.02-0.98,Bounded multiplicative QM is numerically feasible; retain a physical lower bound of zero,Diagnostic suggestion only; confirm after reviewing monthly CSV and heatmaps
CMCC-CM2-SR5,sfcWind,56,1.301231389466141,12.515307682508904,14.48535520841068,0.6235099944984412,0.0,HIGH,0.05-0.95,Bounded multiplicative QM is numerically feasible; retain a physical lower bound of zero,Diagnostic suggestion only; confirm after reviewing monthly CSV and heatmaps
CMCC-ESM2,tas,56,0.6196084703717872,0.2721525982394303,0.42805067864064034,0.0,0.0,MODERATE_OR_LOW,0.02-0.98,Multiplicative factors are numerically stable in kelvin; compare multiplicative and additive diagnostics,Diagnostic suggestion only; confirm after reviewing monthly CSV and heatmaps
CMCC-ESM2,rsds,56,4.880042961665552,3.4798889175232883,4.767318606894927,0.0,0.0,MODERATE_OR_LOW,0.02-0.98,Bounded multiplicative QM is numerically feasible; retain a physical lower bound of zero,Diagnostic suggestion only; confirm after reviewing monthly CSV and heatmaps
CMCC-ESM2,sfcWind,56,1.3151221760947789,12.515307682508904,14.48535520841068,0.6235099944984412,0.0,HIGH,0.05-0.95,Bounded multiplicative QM is numerically feasible; retain a physical lower bound of zero,Diagnostic suggestion only; confirm after reviewing monthly CSV and heatmaps
CanESM5,tas,56,0.8649077415466309,0.31745827931316695,0.5972989106046429,0.0,0.0,MODERATE_OR_LOW,0.02-0.98,Multiplicative factors are numerically stable in kelvin; compare multiplicative and additive diagnostics,Diagnostic suggestion only; confirm after reviewing monthly CSV and heatmaps
CanESM5,rsds,56,3.7981608424867837,3.4280633789110606,4.659067860860694,0.0,0.0,MODERATE_OR_LOW,0.02-0.98,Bounded multiplicative QM is numerically feasible; retain a physical lower bound of zero,Diagnostic suggestion only; confirm after reviewing monthly CSV and heatmaps
CanESM5,sfcWind,56,2.359187455515244,12.359280490134763,14.462685278174286,0.5255102040816326,0.0,HIGH,0.05-0.95,Bounded multiplicative QM is numerically feasible; retain a physical lower bound of zero,Diagnostic suggestion only; confirm after reviewing monthly CSV and heatmaps
FGOALS-f3-L,tas,56,1.5640807832990475,0.2995027835627852,0.4192234118859052,0.0,0.0,MODERATE_OR_LOW,0.02-0.98,Multiplicative factors are numerically stable in kelvin; compare multiplicative and additive diagnostics,Diagnostic suggestion only; confirm after reviewing monthly CSV and heatmaps
FGOALS-f3-L,rsds,56,3.052916952541893,3.2674306445056387,4.889622412742284,0.0,0.0,MODERATE_OR_LOW,0.02-0.98,Bounded multiplicative QM is numerically feasible; retain a physical lower bound of zero,Diagnostic suggestion only; confirm after reviewing monthly CSV and heatmaps
FGOALS-f3-L,sfcWind,56,3.053175864874252,12.457763392678535,14.53048274568624,0.6426609105180534,0.0,HIGH,0.05-0.95,Bounded multiplicative QM is numerically feasible; retain a physical lower bound of zero,Diagnostic suggestion only; confirm after reviewing monthly CSV and heatmaps
FIO-ESM-2-0,tas,56,0.5266399383544922,0.3107868541334264,0.41285173879370884,0.0,0.0,MODERATE_OR_LOW,0.02-0.98,Multiplicative factors are numerically stable in kelvin; compare multiplicative and additive diagnostics,Diagnostic suggestion only; confirm after reviewing monthly CSV and heatmaps
FIO-ESM-2-0,rsds,56,3.669240747179302,3.894143911877472,4.767318606894927,0.0,0.0,MODERATE_OR_LOW,0.02-0.98,Bounded multiplicative QM is numerically feasible; retain a physical lower bound of zero,Diagnostic suggestion only; confirm after reviewing monthly CSV and heatmaps
FIO-ESM-2-0,sfcWind,56,1.2795833927313132,12.515307682508904,14.48535520841068,0.6235099944984412,0.0,HIGH,0.05-0.95,Bounded multiplicative QM is numerically feasible; retain a physical lower bound of zero,Diagnostic suggestion only; confirm after reviewing monthly CSV and heatmaps
IPSL-CM6A-LR,tas,56,2.231373514447924,0.33959638339830445,0.43977616610162906,0.0,0.0,MODERATE_OR_LOW,0.02-0.98,Multiplicative factors are numerically stable in kelvin; compare multiplicative and additive diagnostics,Diagnostic suggestion only; confirm after reviewing monthly CSV and heatmaps
IPSL-CM6A-LR,rsds,56,2.8996587480817517,3.1701106376332864,4.756278724872068,0.0,0.0,MODERATE_OR_LOW,0.02-0.98,Bounded multiplicative QM is numerically feasible; retain a physical lower bound of zero,Diagnostic suggestion only; confirm after reviewing monthly CSV and heatmaps
IPSL-CM6A-LR,sfcWind,56,1.7129127563842172,12.532399589729469,14.282070566137769,0.6991895757190529,0.0,HIGH,0.05-0.95,Bounded multiplicative QM is numerically feasible; retain a physical lower bound of zero,Diagnostic suggestion only; confirm after reviewing monthly CSV and heatmaps
KACE-1-0-G,tas,56,0.4322681427002095,0.3559824181254278,0.45516470524698566,0.0,0.0,MODERATE_OR_LOW,0.02-0.98,Multiplicative factors are numerically stable in kelvin; compare multiplicative and additive diagnostics,Diagnostic suggestion only; confirm after reviewing monthly CSV and heatmaps
KACE-1-0-G,rsds,56,6.021580764225561,3.5537510530799286,4.817761965979446,0.0,0.0,MODERATE_OR_LOW,0.02-0.98,Bounded multiplicative QM is numerically feasible; retain a physical lower bound of zero,Diagnostic suggestion only; confirm after reviewing monthly CSV and heatmaps
KACE-1-0-G,sfcWind,56,1.4531766881035375,12.245173968106789,14.229308091765624,0.3259155954402134,0.0,HIGH,0.05-0.95,Bounded multiplicative QM is numerically feasible; retain a physical lower bound of zero,Diagnostic suggestion only; confirm after reviewing monthly CSV and heatmaps
MPI-ESM1-2-HR,tas,56,0.5297648566109814,0.29753181894377195,0.4938567516935889,0.0,0.0,MODERATE_OR_LOW,0.02-0.98,Multiplicative factors are numerically stable in kelvin; compare multiplicative and additive diagnostics,Diagnostic suggestion only; confirm after reviewing monthly CSV and heatmaps
MPI-ESM1-2-HR,rsds,56,4.873329026358455,3.218453984712192,4.835430729473233,0.0,0.0,MODERATE_OR_LOW,0.02-0.98,Bounded multiplicative QM is numerically feasible; retain a physical lower bound of zero,Diagnostic suggestion only; confirm after reviewing monthly CSV and heatmaps
MPI-ESM1-2-HR,sfcWind,56,1.9100614883271714,12.515716951461147,14.474616610631172,0.4988662131519274,0.0,HIGH,0.05-0.95,Bounded multiplicative QM is numerically feasible; retain a physical lower bound of zero,Diagnostic suggestion only; confirm after reviewing monthly CSV and heatmaps
MPI-ESM1-2-LR,tas,56,0.25283023289270545,0.29972470649964156,0.4544884783392496,0.0,0.0,MODERATE_OR_LOW,0.02-0.98,Multiplicative factors are numerically stable in kelvin; compare multiplicative and additive diagnostics,Diagnostic suggestion only; confirm after reviewing monthly CSV and heatmaps
MPI-ESM1-2-LR,rsds,56,4.888445581708645,3.3295736490812406,4.995519999361777,0.0,0.0,MODERATE_OR_LOW,0.02-0.98,Bounded multiplicative QM is numerically feasible; retain a physical lower bound of zero,Diagnostic suggestion only; confirm after reviewing monthly CSV and heatmaps
MPI-ESM1-2-LR,sfcWind,56,2.014930396473834,12.429105508292887,14.954618991401684,0.4481522338665196,0.0,HIGH,0.05-0.95,Bounded multiplicative QM is numerically feasible; retain a physical lower bound of zero,Diagnostic suggestion only; confirm after reviewing monthly CSV and heatmaps
MRI-ESM2-0,tas,56,0.41078676496232447,0.2842953835795611,0.46032827814774663,0.0,0.0,MODERATE_OR_LOW,0.02-0.98,Multiplicative factors are numerically stable in kelvin; compare multiplicative and additive diagnostics,Diagnostic suggestion only; confirm after reviewing monthly CSV and heatmaps
MRI-ESM2-0,rsds,56,4.929698092596876,3.1632584515588364,4.850734489499949,0.0,0.0,MODERATE_OR_LOW,0.02-0.98,Bounded multiplicative QM is numerically feasible; retain a physical lower bound of zero,Diagnostic suggestion only; confirm after reviewing monthly CSV and heatmaps
MRI-ESM2-0,sfcWind,56,2.6350310792747353,12.403875982940916,14.204736880554327,0.4789335088874259,0.0,HIGH,0.05-0.95,Bounded multiplicative QM is numerically feasible; retain a physical lower bound of zero,Diagnostic suggestion only; confirm after reviewing monthly CSV and heatmaps
TaiESM1,tas,56,0.29427964346749036,0.2561202016271866,0.45395647008816825,0.0,0.0,MODERATE_OR_LOW,0.02-0.98,Multiplicative factors are numerically stable in kelvin; compare multiplicative and additive diagnostics,Diagnostic suggestion only; confirm after reviewing monthly CSV and heatmaps
TaiESM1,rsds,56,3.2856651033673643,3.5214357023936635,4.938457607054985,0.0,0.0,MODERATE_OR_LOW,0.02-0.98,Bounded multiplicative QM is numerically feasible; retain a physical lower bound of zero,Diagnostic suggestion only; confirm after reviewing monthly CSV and heatmaps
TaiESM1,sfcWind,56,1.2067542299628258,12.515307682508904,14.48535520841068,0.6235099944984412,0.0,HIGH,0.05-0.95,Bounded multiplicative QM is numerically feasible; retain a physical lower bound of zero,Diagnostic suggestion only; confirm after reviewing monthly CSV and heatmaps
